Handle,Title,Body (HTML),Vendor,Product Category,Type,Tags,Published,Option1 Name,Option1 Value,Variant SKU,Variant Grams,Variant Inventory Tracker,Variant Inventory Qty,Variant Inventory Policy,Variant Fulfillment Service,Variant Price,Variant Compare At Price,Variant Requires Shipping,Variant Taxable,Image Src,Image Position,Image Alt Text,Status
flowerjewellery-rose,Rose Flowerjewellery,<p>Beautiful handmade Rose Flowerjewellery.</p>,Scrunch & Create,Apparel & Accessories > Clothing Accessories > Hair Accessories,Flowerjewellery,"flowerjewellery, rose, Handmade, Hair Accessories",TRUE,Color,Yellow,rose-flowerjewellery-yellow,50,shopify,20,continue,manual,399,459,TRUE,FALSE,https://res.cloudinary.com/duu26sqog/image/upload/v1775596991/scrunchcreate/products/flowerjewellery/rose/yellow/sc-flowerjewellery-rose-yellow-1.webp,1,Rose Flowerjewellery - Yellow,active
flowerjewellery-rose,,,,,,,,,,,,,,,,,,,,https://res.cloudinary.com/duu26sqog/image/upload/v1775596994/scrunchcreate/products/flowerjewellery/rose/yellow/sc-flowerjewellery-rose-yellow-2.webp,2,Rose Flowerjewellery view 2,
flowerjewellery-rose,,,,,,,,,,,,,,,,,,,,https://res.cloudinary.com/duu26sqog/image/upload/v1775596996/scrunchcreate/products/flowerjewellery/rose/yellow/sc-flowerjewellery-rose-yellow-3.webp,3,Rose Flowerjewellery view 3,
flowerjewellery-rose,,,,,,,,,,,,,,,,,,,,https://res.cloudinary.com/duu26sqog/image/upload/v1775596999/scrunchcreate/products/flowerjewellery/rose/yellow/sc-flowerjewellery-rose-yellow-4.webp,4,Rose Flowerjewellery view 4,
flowerjewellery-rose,,,,,,,,,,,,,,,,,,,,https://res.cloudinary.com/duu26sqog/image/upload/v1775597002/scrunchcreate/products/flowerjewellery/rose/yellow/sc-flowerjewellery-rose-yellow-5.webp,5,Rose Flowerjewellery view 5,
flowerjewellery-rose,,,,,,,,,,,,,,,,,,,,https://res.cloudinary.com/duu26sqog/image/upload/v1775597004/scrunchcreate/products/flowerjewellery/rose/yellow/sc-flowerjewellery-rose-yellow-6.webp,6,Rose Flowerjewellery view 6,
flowerjewellery-rose,,,,,,,,,,,,,,,,,,,,https://res.cloudinary.com/duu26sqog/image/upload/v1775597006/scrunchcreate/products/flowerjewellery/rose/yellow/sc-flowerjewellery-rose-yellow-7.webp,7,Rose Flowerjewellery view 7,
flowerjewellery-rose,,,,,,,,,,,,,,,,,,,,https://res.cloudinary.com/duu26sqog/image/upload/v1775597009/scrunchcreate/products/flowerjewellery/rose/yellow/sc-flowerjewellery-rose-yellow-8.webp,8,Rose Flowerjewellery view 8,
gifthamper,Gifthamper,<p>Perfect for gifting.</p>,Scrunch & Create,Apparel & Accessories > Clothing Accessories > Hair Accessories,Gifthamper,"gifthamper, Handmade, Hair Accessories",TRUE,Color,Standard,gifthamper,50,shopify,20,continue,manual,199,229,TRUE,FALSE,https://res.cloudinary.com/duu26sqog/image/upload/v1775597038/scrunchcreate/products/gifthamper/sc-gifthamper-1.webp,1,Gifthamper - Standard,active
gifthamper,,,,,,,,,,,,,,,,,,,,https://res.cloudinary.com/duu26sqog/image/upload/v1775597039/scrunchcreate/products/gifthamper/sc-gifthamper-10.webp,2,Gifthamper view 2,
gifthamper,,,,,,,,,,,,,,,,,,,,https://res.cloudinary.com/duu26sqog/image/upload/v1775597040/scrunchcreate/products/gifthamper/sc-gifthamper-11.webp,3,Gifthamper view 3,
gifthamper,,,,,,,,,,,,,,,,,,,,https://res.cloudinary.com/duu26sqog/image/upload/v1775597041/scrunchcreate/products/gifthamper/sc-gifthamper-12.webp,4,Gifthamper view 4,
gifthamper,,,,,,,,,,,,,,,,,,,,https://res.cloudinary.com/duu26sqog/image/upload/v1775597042/scrunchcreate/products/gifthamper/sc-gifthamper-13.webp,5,Gifthamper view 5,
gifthamper,,,,,,,,,,,,,,,,,,,,https://res.cloudinary.com/duu26sqog/image/upload/v1775597044/scrunchcreate/products/gifthamper/sc-gifthamper-14.webp,6,Gifthamper view 6,
gifthamper,,,,,,,,,,,,,,,,,,,,https://res.cloudinary.com/duu26sqog/image/upload/v1775597045/scrunchcreate/products/gifthamper/sc-gifthamper-15.webp,7,Gifthamper view 7,
gifthamper,,,,,,,,,,,,,,,,,,,,https://res.cloudinary.com/duu26sqog/image/upload/v1775597046/scrunchcreate/products/gifthamper/sc-gifthamper-16.webp,8,Gifthamper view 8,
gifthamper,,,,,,,,,,,,,,,,,,,,https://res.cloudinary.com/duu26sqog/image/upload/v1775597048/scrunchcreate/products/gifthamper/sc-gifthamper-17.webp,9,Gifthamper view 9,
gifthamper,,,,,,,,,,,,,,,,,,,,https://res.cloudinary.com/duu26sqog/image/upload/v1775597050/scrunchcreate/products/gifthamper/sc-gifthamper-18.webp,10,Gifthamper view 10,
gifthamper,,,,,,,,,,,,,,,,,,,,https://res.cloudinary.com/duu26sqog/image/upload/v1775597051/scrunchcreate/products/gifthamper/sc-gifthamper-19.webp,11,Gifthamper view 11,
gifthamper,,,,,,,,,,,,,,,,,,,,https://res.cloudinary.com/duu26sqog/image/upload/v1775597052/scrunchcreate/products/gifthamper/sc-gifthamper-2.webp,12,Gifthamper view 12,
gifthamper,,,,,,,,,,,,,,,,,,,,https://res.cloudinary.com/duu26sqog/image/upload/v1775597054/scrunchcreate/products/gifthamper/sc-gifthamper-20.webp,13,Gifthamper view 13,
gifthamper,,,,,,,,,,,,,,,,,,,,https://res.cloudinary.com/duu26sqog/image/upload/v1775597055/scrunchcreate/products/gifthamper/sc-gifthamper-21.webp,14,Gifthamper view 14,
gifthamper,,,,,,,,,,,,,,,,,,,,https://res.cloudinary.com/duu26sqog/image/upload/v1775597056/scrunchcreate/products/gifthamper/sc-gifthamper-22.webp,15,Gifthamper view 15,
gifthamper,,,,,,,,,,,,,,,,,,,,https://res.cloudinary.com/duu26sqog/image/upload/v1775597058/scrunchcreate/products/gifthamper/sc-gifthamper-3.webp,16,Gifthamper view 16,
gifthamper,,,,,,,,,,,,,,,,,,,,https://res.cloudinary.com/duu26sqog/image/upload/v1775597059/scrunchcreate/products/gifthamper/sc-gifthamper-4.webp,17,Gifthamper view 17,
gifthamper,,,,,,,,,,,,,,,,,,,,https://res.cloudinary.com/duu26sqog/image/upload/v1775597060/scrunchcreate/products/gifthamper/sc-gifthamper-5.webp,18,Gifthamper view 18,
gifthamper,,,,,,,,,,,,,,,,,,,,https://res.cloudinary.com/duu26sqog/image/upload/v1775597062/scrunchcreate/products/gifthamper/sc-gifthamper-6.webp,19,Gifthamper view 19,
gifthamper,,,,,,,,,,,,,,,,,,,,https://res.cloudinary.com/duu26sqog/image/upload/v1775597063/scrunchcreate/products/gifthamper/sc-gifthamper-7.webp,20,Gifthamper view 20,
gifthamper,,,,,,,,,,,,,,,,,,,,https://res.cloudinary.com/duu26sqog/image/upload/v1775597064/scrunchcreate/products/gifthamper/sc-gifthamper-8.webp,21,Gifthamper view 21,
gifthamper,,,,,,,,,,,,,,,,,,,,https://res.cloudinary.com/duu26sqog/image/upload/v1775597066/scrunchcreate/products/gifthamper/sc-gifthamper-9.webp,22,Gifthamper view 22,
gifthamper-satin-hamper,Satin Hamper Gifthamper,<p>Elegant Satin Hamper.</p>,Scrunch & Create,Apparel & Accessories > Clothing Accessories > Hair Accessories,Gifthamper,"gifthamper, satin-hamper, Handmade, Hair Accessories",TRUE,Color,Black,satin-hamper-gifthamper-black,50,shopify,20,continue,manual,699,804,TRUE,FALSE,https://res.cloudinary.com/duu26sqog/image/upload/v1775597011/scrunchcreate/products/gifthamper/satin-hamper/black/sc-gifthamper-satin-hamper-black-1.webp,1,Satin Hamper Gifthamper - Black,active
gifthamper-satin-hamper,,,,,,,,Color,Cream,satin-hamper-gifthamper-cream,50,shopify,20,continue,manual,699,804,TRUE,FALSE,https://res.cloudinary.com/duu26sqog/image/upload/v1775597012/scrunchcreate/products/gifthamper/satin-hamper/cream/sc-gifthamper-satin-hamper-cream-1.webp,2,Satin Hamper Gifthamper - Cream,
gifthamper-satin-hamper,,,,,,,,Color,Grey,satin-hamper-gifthamper-grey,50,shopify,20,continue,manual,699,804,TRUE,FALSE,https://res.cloudinary.com/duu26sqog/image/upload/v1775597014/scrunchcreate/products/gifthamper/satin-hamper/grey/sc-gifthamper-satin-hamper-grey-1.webp,3,Satin Hamper Gifthamper - Grey,
gifthamper-satin-hamper,,,,,,,,Color,Light-yellow,satin-hamper-gifthamper-light-yellow,50,shopify,20,continue,manual,699,804,TRUE,FALSE,https://res.cloudinary.com/duu26sqog/image/upload/v1775597015/scrunchcreate/products/gifthamper/satin-hamper/light-yellow/sc-gifthamper-satin-hamper-light-yellow-1.webp,4,Satin Hamper Gifthamper - Light-yellow,
gifthamper-satin-hamper,,,,,,,,Color,Lilac,satin-hamper-gifthamper-lilac,50,shopify,20,continue,manual,699,804,TRUE,FALSE,https://res.cloudinary.com/duu26sqog/image/upload/v1775597016/scrunchcreate/products/gifthamper/satin-hamper/lilac/sc-gifthamper-satin-hamper-lilac-1.webp,5,Satin Hamper Gifthamper - Lilac,
gifthamper-satin-hamper,,,,,,,,Color,Magenta,satin-hamper-gifthamper-magenta,50,shopify,20,continue,manual,699,804,TRUE,FALSE,https://res.cloudinary.com/duu26sqog/image/upload/v1775597018/scrunchcreate/products/gifthamper/satin-hamper/lilac/sc-gifthamper-satin-hamper-lilac-2.webp,6,Satin Hamper Gifthamper - Magenta,
gifthamper-satin-hamper,,,,,,,,Color,Peach,satin-hamper-gifthamper-peach,50,shopify,20,continue,manual,699,804,TRUE,FALSE,https://res.cloudinary.com/duu26sqog/image/upload/v1775597019/scrunchcreate/products/gifthamper/satin-hamper/magenta/sc-gifthamper-satin-hamper-magenta-1.webp,7,Satin Hamper Gifthamper - Peach,
gifthamper-satin-hamper,,,,,,,,Color,Petrol-blue,satin-hamper-gifthamper-petrol-blue,50,shopify,20,continue,manual,699,804,TRUE,FALSE,https://res.cloudinary.com/duu26sqog/image/upload/v1775597020/scrunchcreate/products/gifthamper/satin-hamper/magenta/sc-gifthamper-satin-hamper-magenta-2.webp,8,Satin Hamper Gifthamper - Petrol-blue,
gifthamper-satin-hamper,,,,,,,,Color,Pistachio,satin-hamper-gifthamper-pistachio,50,shopify,20,continue,manual,699,804,TRUE,FALSE,https://res.cloudinary.com/duu26sqog/image/upload/v1775597022/scrunchcreate/products/gifthamper/satin-hamper/peach/sc-gifthamper-satin-hamper-peach-1.webp,9,Satin Hamper Gifthamper - Pistachio,
gifthamper-satin-hamper,,,,,,,,Color,Red,satin-hamper-gifthamper-red,50,shopify,20,continue,manual,699,804,TRUE,FALSE,https://res.cloudinary.com/duu26sqog/image/upload/v1775597024/scrunchcreate/products/gifthamper/satin-hamper/peach/sc-gifthamper-satin-hamper-peach-2.webp,10,Satin Hamper Gifthamper - Red,
gifthamper-satin-hamper,,,,,,,,Color,Sky-blue,satin-hamper-gifthamper-sky-blue,50,shopify,20,continue,manual,699,804,TRUE,FALSE,https://res.cloudinary.com/duu26sqog/image/upload/v1775597025/scrunchcreate/products/gifthamper/satin-hamper/petrol-blue/sc-gifthamper-satin-hamper-petrol-blue-1.webp,11,Satin Hamper Gifthamper - Sky-blue,
gifthamper-satin-hamper,,,,,,,,Color,Wine,satin-hamper-gifthamper-wine,50,shopify,20,continue,manual,699,804,TRUE,FALSE,https://res.cloudinary.com/duu26sqog/image/upload/v1775597027/scrunchcreate/products/gifthamper/satin-hamper/pistachio/sc-gifthamper-satin-hamper-pistachio-1.webp,12,Satin Hamper Gifthamper - Wine,
gifthamper-satin-hamper,,,,,,,,,,,,,,,,,,,,https://res.cloudinary.com/duu26sqog/image/upload/v1775597028/scrunchcreate/products/gifthamper/satin-hamper/red/sc-gifthamper-satin-hamper-red-1.webp,13,Satin Hamper Gifthamper view 13,
gifthamper-satin-hamper,,,,,,,,,,,,,,,,,,,,https://res.cloudinary.com/duu26sqog/image/upload/v1775597030/scrunchcreate/products/gifthamper/satin-hamper/red/sc-gifthamper-satin-hamper-red-2.webp,14,Satin Hamper Gifthamper view 14,
gifthamper-satin-hamper,,,,,,,,,,,,,,,,,,,,https://res.cloudinary.com/duu26sqog/image/upload/v1775597031/scrunchcreate/products/gifthamper/satin-hamper/red/sc-gifthamper-satin-hamper-red-3.webp,15,Satin Hamper Gifthamper view 15,
gifthamper-satin-hamper,,,,,,,,,,,,,,,,,,,,https://res.cloudinary.com/duu26sqog/image/upload/v1775597032/scrunchcreate/products/gifthamper/satin-hamper/red/sc-gifthamper-satin-hamper-red-4.webp,16,Satin Hamper Gifthamper view 16,
gifthamper-satin-hamper,,,,,,,,,,,,,,,,,,,,https://res.cloudinary.com/duu26sqog/image/upload/v1775597034/scrunchcreate/products/gifthamper/satin-hamper/red/sc-gifthamper-satin-hamper-red-5.webp,17,Satin Hamper Gifthamper view 17,
gifthamper-satin-hamper,,,,,,,,,,,,,,,,,,,,https://res.cloudinary.com/duu26sqog/image/upload/v1775597035/scrunchcreate/products/gifthamper/satin-hamper/sky-blue/sc-gifthamper-satin-hamper-sky-blue-1.webp,18,Satin Hamper Gifthamper view 18,
gifthamper-satin-hamper,,,,,,,,,,,,,,,,,,,,https://res.cloudinary.com/duu26sqog/image/upload/v1775597036/scrunchcreate/products/gifthamper/satin-hamper/wine/sc-gifthamper-satin-hamper-wine-1.webp,19,Satin Hamper Gifthamper view 19,
hairbow-combo,Combo Hairbow,<p>Stylish combo hairbow sets.</p>,Scrunch & Create,Apparel & Accessories > Clothing Accessories > Hair Accessories,Hairbow,"hairbow, combo, Handmade, Hair Accessories",TRUE,Color,Standard,combo-hairbow,50,shopify,20,continue,manual,399,479,TRUE,FALSE,https://scrunchcreate.com/assets/products/hairbow/combo/sc-hairbow-1.webp,1,Combo Hairbow - Standard,active
hairbow-combo,,,,,,,,Color,Satin-tulip,combo-hairbow-satin-tulip,50,shopify,20,continue,manual,399,479,TRUE,FALSE,https://res.cloudinary.com/duu26sqog/image/upload/v1775597098/scrunchcreate/products/hairbow/combo/sc-hairbow-2.webp,2,Combo Hairbow - Satin-tulip,
hairbow-combo,,,,,,,,Color,3-layered,combo-hairbow-3-layered,50,shopify,20,continue,manual,399,479,TRUE,FALSE,https://res.cloudinary.com/duu26sqog/image/upload/v1775597100/scrunchcreate/products/hairbow/combo/sc-hairbow-3.webp,3,Combo Hairbow - 3-layered,
hairbow-combo,,,,,,,,Color,Jimmi-choo,combo-hairbow-jimmi-choo,50,shopify,20,continue,manual,399,479,TRUE,FALSE,https://res.cloudinary.com/duu26sqog/image/upload/v1775597101/scrunchcreate/products/hairbow/combo/sc-hairbow-4.webp,4,Combo Hairbow - Jimmi-choo,
hairbow-combo,,,,,,,,Color,Mini-bow,combo-hairbow-mini-bow,50,shopify,20,continue,manual,399,479,TRUE,FALSE,https://res.cloudinary.com/duu26sqog/image/upload/v1775597102/scrunchcreate/products/hairbow/combo/sc-hairbow-combo-10.webp,5,Combo Hairbow - Mini-bow,
hairbow-combo,,,,,,,,Color,Pigtail,combo-hairbow-pigtail,50,shopify,20,continue,manual,399,479,TRUE,FALSE,https://res.cloudinary.com/duu26sqog/image/upload/v1775597104/scrunchcreate/products/hairbow/combo/sc-hairbow-combo-11.webp,6,Combo Hairbow - Pigtail,
hairbow-combo,,,,,,,,Color,Princess,combo-hairbow-princess,50,shopify,20,continue,manual,399,479,TRUE,FALSE,https://res.cloudinary.com/duu26sqog/image/upload/v1775597105/scrunchcreate/products/hairbow/combo/sc-hairbow-combo-12.webp,7,Combo Hairbow - Princess,
hairbow-combo,,,,,,,,Color,Scarf,combo-hairbow-scarf,50,shopify,20,continue,manual,399,479,TRUE,FALSE,https://res.cloudinary.com/duu26sqog/image/upload/v1775597106/scrunchcreate/products/hairbow/combo/sc-hairbow-combo-13.webp,8,Combo Hairbow - Scarf,
hairbow-combo,,,,,,,,Color,Tulip,combo-hairbow-tulip,50,shopify,20,continue,manual,399,479,TRUE,FALSE,https://res.cloudinary.com/duu26sqog/image/upload/v1775597107/scrunchcreate/products/hairbow/combo/sc-hairbow-combo-14.webp,9,Combo Hairbow - Tulip,
hairbow-combo,,,,,,,,,,,,,,,,,,,,https://res.cloudinary.com/duu26sqog/image/upload/v1775597109/scrunchcreate/products/hairbow/combo/sc-hairbow-combo-15.webp,10,Combo Hairbow view 10,
hairbow-combo,,,,,,,,,,,,,,,,,,,,https://res.cloudinary.com/duu26sqog/image/upload/v1775597110/scrunchcreate/products/hairbow/combo/sc-hairbow-combo-16.webp,11,Combo Hairbow view 11,
hairbow-combo,,,,,,,,,,,,,,,,,,,,https://res.cloudinary.com/duu26sqog/image/upload/v1775597111/scrunchcreate/products/hairbow/combo/sc-hairbow-combo-17.webp,12,Combo Hairbow view 12,
hairbow-combo,,,,,,,,,,,,,,,,,,,,https://res.cloudinary.com/duu26sqog/image/upload/v1775597112/scrunchcreate/products/hairbow/combo/sc-hairbow-combo-18.webp,13,Combo Hairbow view 13,
hairbow-combo,,,,,,,,,,,,,,,,,,,,https://res.cloudinary.com/duu26sqog/image/upload/v1775597113/scrunchcreate/products/hairbow/combo/sc-hairbow-combo-19.webp,14,Combo Hairbow view 14,
hairbow-combo,,,,,,,,,,,,,,,,,,,,https://res.cloudinary.com/duu26sqog/image/upload/v1775597114/scrunchcreate/products/hairbow/combo/sc-hairbow-combo-20.webp,15,Combo Hairbow view 15,
hairbow-combo,,,,,,,,,,,,,,,,,,,,https://res.cloudinary.com/duu26sqog/image/upload/v1775597116/scrunchcreate/products/hairbow/combo/sc-hairbow-combo-21.webp,16,Combo Hairbow view 16,
hairbow-combo,,,,,,,,,,,,,,,,,,,,https://res.cloudinary.com/duu26sqog/image/upload/v1775597118/scrunchcreate/products/hairbow/combo/sc-hairbow-combo-22.webp,17,Combo Hairbow view 17,
hairbow-combo,,,,,,,,,,,,,,,,,,,,https://res.cloudinary.com/duu26sqog/image/upload/v1775597119/scrunchcreate/products/hairbow/combo/sc-hairbow-combo-23.webp,18,Combo Hairbow view 18,
hairbow-combo,,,,,,,,,,,,,,,,,,,,https://res.cloudinary.com/duu26sqog/image/upload/v1775597121/scrunchcreate/products/hairbow/combo/sc-hairbow-combo-24.webp,19,Combo Hairbow view 19,
hairbow-combo,,,,,,,,,,,,,,,,,,,,https://res.cloudinary.com/duu26sqog/image/upload/v1775597122/scrunchcreate/products/hairbow/combo/sc-hairbow-combo-25.webp,20,Combo Hairbow view 20,
hairbow-combo,,,,,,,,,,,,,,,,,,,,https://res.cloudinary.com/duu26sqog/image/upload/v1775597123/scrunchcreate/products/hairbow/combo/sc-hairbow-combo-26.webp,21,Combo Hairbow view 21,
hairbow-combo,,,,,,,,,,,,,,,,,,,,https://res.cloudinary.com/duu26sqog/image/upload/v1775597125/scrunchcreate/products/hairbow/combo/sc-hairbow-combo-27.webp,22,Combo Hairbow view 22,
hairbow-combo,,,,,,,,,,,,,,,,,,,,https://res.cloudinary.com/duu26sqog/image/upload/v1775597126/scrunchcreate/products/hairbow/combo/sc-hairbow-combo-28.webp,23,Combo Hairbow view 23,
hairbow-combo,,,,,,,,,,,,,,,,,,,,https://res.cloudinary.com/duu26sqog/image/upload/v1775597128/scrunchcreate/products/hairbow/combo/sc-hairbow-combo-29.webp,24,Combo Hairbow view 24,
hairbow-combo,,,,,,,,,,,,,,,,,,,,https://res.cloudinary.com/duu26sqog/image/upload/v1775597129/scrunchcreate/products/hairbow/combo/sc-hairbow-combo-30.webp,25,Combo Hairbow view 25,
hairbow-combo,,,,,,,,,,,,,,,,,,,,https://res.cloudinary.com/duu26sqog/image/upload/v1775597130/scrunchcreate/products/hairbow/combo/sc-hairbow-combo-31.webp,26,Combo Hairbow view 26,
hairbow-combo,,,,,,,,,,,,,,,,,,,,https://res.cloudinary.com/duu26sqog/image/upload/v1775597131/scrunchcreate/products/hairbow/combo/sc-hairbow-combo-32.webp,27,Combo Hairbow view 27,
hairbow-combo,,,,,,,,,,,,,,,,,,,,https://res.cloudinary.com/duu26sqog/image/upload/v1775597140/scrunchcreate/products/hairbow/combo/sc-hairbow-combo-4.webp,28,Combo Hairbow view 28,
hairbow-combo,,,,,,,,,,,,,,,,,,,,https://res.cloudinary.com/duu26sqog/image/upload/v1775597142/scrunchcreate/products/hairbow/combo/sc-hairbow-combo-5.webp,29,Combo Hairbow view 29,
hairbow-combo,,,,,,,,,,,,,,,,,,,,https://res.cloudinary.com/duu26sqog/image/upload/v1775597144/scrunchcreate/products/hairbow/combo/sc-hairbow-combo-6.webp,30,Combo Hairbow view 30,
hairbow-combo,,,,,,,,,,,,,,,,,,,,https://res.cloudinary.com/duu26sqog/image/upload/v1775597145/scrunchcreate/products/hairbow/combo/sc-hairbow-combo-7.webp,31,Combo Hairbow view 31,
hairbow-combo,,,,,,,,,,,,,,,,,,,,https://res.cloudinary.com/duu26sqog/image/upload/v1775597147/scrunchcreate/products/hairbow/combo/sc-hairbow-combo-8.webp,32,Combo Hairbow view 32,
hairbow-combo,,,,,,,,,,,,,,,,,,,,https://res.cloudinary.com/duu26sqog/image/upload/v1775597148/scrunchcreate/products/hairbow/combo/sc-hairbow-combo-9.webp,33,Combo Hairbow view 33,
hairbow-combo,,,,,,,,,,,,,,,,,,,,https://res.cloudinary.com/duu26sqog/image/upload/v1775597089/scrunchcreate/products/hairbow/combo/satin-tulip/sc-hairbow-combo-satin-tulip-1.webp,34,Combo Hairbow view 34,
hairbow-combo,,,,,,,,,,,,,,,,,,,,https://res.cloudinary.com/duu26sqog/image/upload/v1775597090/scrunchcreate/products/hairbow/combo/satin-tulip/sc-hairbow-combo-satin-tulip-2.webp,35,Combo Hairbow view 35,
hairbow-combo,,,,,,,,,,,,,,,,,,,,https://res.cloudinary.com/duu26sqog/image/upload/v1775597091/scrunchcreate/products/hairbow/combo/satin-tulip/sc-hairbow-combo-satin-tulip-3.webp,36,Combo Hairbow view 36,
hairbow-combo,,,,,,,,,,,,,,,,,,,,https://res.cloudinary.com/duu26sqog/image/upload/v1775597093/scrunchcreate/products/hairbow/combo/satin-tulip/sc-hairbow-combo-satin-tulip-4.webp,37,Combo Hairbow view 37,
hairbow-combo,,,,,,,,,,,,,,,,,,,,https://res.cloudinary.com/duu26sqog/image/upload/v1775597094/scrunchcreate/products/hairbow/combo/satin-tulip/sc-hairbow-combo-satin-tulip-5.webp,38,Combo Hairbow view 38,
hairbow-combo,,,,,,,,,,,,,,,,,,,,https://res.cloudinary.com/duu26sqog/image/upload/v1775597095/scrunchcreate/products/hairbow/combo/satin-tulip/sc-hairbow-combo-satin-tulip-6.webp,39,Combo Hairbow view 39,
hairbow-combo,,,,,,,,,,,,,,,,,,,,https://res.cloudinary.com/duu26sqog/image/upload/v1775597096/scrunchcreate/products/hairbow/combo/satin-tulip/sc-hairbow-combo-satin-tulip-7.webp,40,Combo Hairbow view 40,
hairbow-combo,,,,,,,,,,,,,,,,,,,,https://res.cloudinary.com/duu26sqog/image/upload/v1775597067/scrunchcreate/products/hairbow/combo/3-layered-bow-combo/sc-hairbow-combo-3-layered-bow-combo-1.webp,41,Combo Hairbow view 41,
hairbow-combo,,,,,,,,,,,,,,,,,,,,https://res.cloudinary.com/duu26sqog/image/upload/v1775597068/scrunchcreate/products/hairbow/combo/3-layered-bow-combo/sc-hairbow-combo-3-layered-bow-combo-2.webp,42,Combo Hairbow view 42,
hairbow-combo,,,,,,,,,,,,,,,,,,,,https://res.cloudinary.com/duu26sqog/image/upload/v1775597069/scrunchcreate/products/hairbow/combo/3-layered-bow-combo/sc-hairbow-combo-3-layered-bow-combo-3.webp,43,Combo Hairbow view 43,
hairbow-combo,,,,,,,,,,,,,,,,,,,,https://res.cloudinary.com/duu26sqog/image/upload/v1775597070/scrunchcreate/products/hairbow/combo/3-layered-bow-combo/sc-hairbow-combo-3-layered-bow-combo-4.webp,44,Combo Hairbow view 44,
hairbow-combo,,,,,,,,,,,,,,,,,,,,https://res.cloudinary.com/duu26sqog/image/upload/v1775597072/scrunchcreate/products/hairbow/combo/3-layered-bow-combo/sc-hairbow-combo-3-layered-bow-combo-5.webp,45,Combo Hairbow view 45,
hairbow-combo,,,,,,,,,,,,,,,,,,,,https://res.cloudinary.com/duu26sqog/image/upload/v1775597073/scrunchcreate/products/hairbow/combo/jimmi-choo-bow-combo/sc-hairbow-combo-jimmi-choo-bow-combo-1.webp,46,Combo Hairbow view 46,
hairbow-combo,,,,,,,,,,,,,,,,,,,,https://res.cloudinary.com/duu26sqog/image/upload/v1775597075/scrunchcreate/products/hairbow/combo/mini-bow-combo/sc-hairbow-combo-mini-bow-combo-1.webp,47,Combo Hairbow view 47,
hairbow-combo,,,,,,,,,,,,,,,,,,,,https://res.cloudinary.com/duu26sqog/image/upload/v1775597076/scrunchcreate/products/hairbow/combo/pigtail-bow-combo/sc-hairbow-combo-pigtail-bow-combo-1.webp,48,Combo Hairbow view 48,
hairbow-combo,,,,,,,,,,,,,,,,,,,,https://res.cloudinary.com/duu26sqog/image/upload/v1775597077/scrunchcreate/products/hairbow/combo/pigtail-bow-combo/sc-hairbow-combo-pigtail-bow-combo-2.webp,49,Combo Hairbow view 49,
hairbow-combo,,,,,,,,,,,,,,,,,,,,https://res.cloudinary.com/duu26sqog/image/upload/v1775597079/scrunchcreate/products/hairbow/combo/pigtail-bow-combo/sc-hairbow-combo-pigtail-bow-combo-3.webp,50,Combo Hairbow view 50,
hairbow-combo,,,,,,,,,,,,,,,,,,,,https://res.cloudinary.com/duu26sqog/image/upload/v1775597080/scrunchcreate/products/hairbow/combo/pigtail-bow-combo/sc-hairbow-combo-pigtail-bow-combo-4.webp,51,Combo Hairbow view 51,
hairbow-combo,,,,,,,,,,,,,,,,,,,,https://res.cloudinary.com/duu26sqog/image/upload/v1775597082/scrunchcreate/products/hairbow/combo/princess-bow-combo/sc-hairbow-combo-princess-bow-combo-1.webp,52,Combo Hairbow view 52,
hairbow-combo,,,,,,,,,,,,,,,,,,,,https://res.cloudinary.com/duu26sqog/image/upload/v1775597083/scrunchcreate/products/hairbow/combo/princess-bow-combo/sc-hairbow-combo-princess-bow-combo-2.webp,53,Combo Hairbow view 53,
hairbow-combo,,,,,,,,,,,,,,,,,,,,https://res.cloudinary.com/duu26sqog/image/upload/v1775597085/scrunchcreate/products/hairbow/combo/princess-bow-combo/sc-hairbow-combo-princess-bow-combo-3.webp,54,Combo Hairbow view 54,
hairbow-combo,,,,,,,,,,,,,,,,,,,,https://res.cloudinary.com/duu26sqog/image/upload/v1775597086/scrunchcreate/products/hairbow/combo/princess-bow-combo/sc-hairbow-combo-princess-bow-combo-4.webp,55,Combo Hairbow view 55,
hairbow-combo,,,,,,,,,,,,,,,,,,,,https://res.cloudinary.com/duu26sqog/image/upload/v1775597088/scrunchcreate/products/hairbow/combo/princess-bow-combo/sc-hairbow-combo-princess-bow-combo-5.webp,56,Combo Hairbow view 56,
hairbow-combo,,,,,,,,,,,,,,,,,,,,https://res.cloudinary.com/duu26sqog/image/upload/v1775597150/scrunchcreate/products/hairbow/combo/scarf-bow-combo/sc-hairbow-combo-scarf-bow-combo-1.webp,57,Combo Hairbow view 57,
hairbow-combo,,,,,,,,,,,,,,,,,,,,https://res.cloudinary.com/duu26sqog/image/upload/v1775597151/scrunchcreate/products/hairbow/combo/scarf-bow-combo/sc-hairbow-combo-scarf-bow-combo-2.webp,58,Combo Hairbow view 58,
hairbow-combo,,,,,,,,,,,,,,,,,,,,https://res.cloudinary.com/duu26sqog/image/upload/v1775597152/scrunchcreate/products/hairbow/combo/tulip-bow-combo/sc-hairbow-combo-tulip-bow-combo-1.webp,59,Combo Hairbow view 59,
hairbow-combo,,,,,,,,,,,,,,,,,,,,https://res.cloudinary.com/duu26sqog/image/upload/v1775597153/scrunchcreate/products/hairbow/combo/tulip-bow-combo/sc-hairbow-combo-tulip-bow-combo-2.webp,60,Combo Hairbow view 60,
hairbow-combo,,,,,,,,,,,,,,,,,,,,https://res.cloudinary.com/duu26sqog/image/upload/v1775597155/scrunchcreate/products/hairbow/combo/tulip-bow-combo/sc-hairbow-combo-tulip-bow-combo-3.webp,61,Combo Hairbow view 61,
hairbow-combo,,,,,,,,,,,,,,,,,,,,https://res.cloudinary.com/duu26sqog/image/upload/v1775597156/scrunchcreate/products/hairbow/combo/tulip-bow-combo/sc-hairbow-combo-tulip-bow-combo-4.webp,62,Combo Hairbow view 62,
hairbow-jimmychoo,Jimmychoo Hairbow,<p>Premium Jimmychoo hairbows.</p>,Scrunch & Create,Apparel & Accessories > Clothing Accessories > Hair Accessories,Hairbow,"hairbow, jimmychoo, Handmade, Hair Accessories",TRUE,Color,Combo,jimmychoo-hairbow-combo,50,shopify,20,continue,manual,99,119,TRUE,FALSE,https://res.cloudinary.com/duu26sqog/image/upload/v1775597158/scrunchcreate/products/hairbow/jimmychoo/combo/sc-hairbow-jimmychoo-combo-1.webp,1,Jimmychoo Hairbow - Combo,active
hairbow-jimmychoo,,,,,,,,Color,Light-mint,jimmychoo-hairbow-light-mint,50,shopify,20,continue,manual,99,119,TRUE,FALSE,https://res.cloudinary.com/duu26sqog/image/upload/v1775597160/scrunchcreate/products/hairbow/jimmychoo/combo/sc-hairbow-jimmychoo-combo-2.webp,2,Jimmychoo Hairbow - Light-mint,
hairbow-jimmychoo,,,,,,,,Color,Maroon,jimmychoo-hairbow-maroon,50,shopify,20,continue,manual,99,119,TRUE,FALSE,https://res.cloudinary.com/duu26sqog/image/upload/v1775597162/scrunchcreate/products/hairbow/jimmychoo/combo/sc-hairbow-jimmychoo-combo-3.webp,3,Jimmychoo Hairbow - Maroon,
hairbow-jimmychoo,,,,,,,,Color,Olive-green,jimmychoo-hairbow-olive-green,50,shopify,20,continue,manual,99,119,TRUE,FALSE,https://res.cloudinary.com/duu26sqog/image/upload/v1775597163/scrunchcreate/products/hairbow/jimmychoo/combo/sc-hairbow-jimmychoo-combo-4.webp,4,Jimmychoo Hairbow - Olive-green,
hairbow-jimmychoo,,,,,,,,Color,Peach-pink,jimmychoo-hairbow-peach-pink,50,shopify,20,continue,manual,99,119,TRUE,FALSE,https://res.cloudinary.com/duu26sqog/image/upload/v1775597165/scrunchcreate/products/hairbow/jimmychoo/light-mint/sc-hairbow-jimmychoo-light-mint-1.webp,5,Jimmychoo Hairbow - Peach-pink,
hairbow-jimmychoo,,,,,,,,Color,Purple,jimmychoo-hairbow-purple,50,shopify,20,continue,manual,99,119,TRUE,FALSE,https://res.cloudinary.com/duu26sqog/image/upload/v1775597167/scrunchcreate/products/hairbow/jimmychoo/maroon/sc-hairbow-jimmychoo-maroon-1.webp,6,Jimmychoo Hairbow - Purple,
hairbow-jimmychoo,,,,,,,,Color,Sky-blue,jimmychoo-hairbow-sky-blue,50,shopify,20,continue,manual,99,119,TRUE,FALSE,https://res.cloudinary.com/duu26sqog/image/upload/v1775597168/scrunchcreate/products/hairbow/jimmychoo/olive-green/sc-hairbow-jimmychoo-olive-green-1.webp,7,Jimmychoo Hairbow - Sky-blue,
hairbow-jimmychoo,,,,,,,,Color,Teal,jimmychoo-hairbow-teal,50,shopify,20,continue,manual,99,119,TRUE,FALSE,https://res.cloudinary.com/duu26sqog/image/upload/v1775597171/scrunchcreate/products/hairbow/jimmychoo/peach-pink/sc-hairbow-jimmychoo-peach-pink-1.webp,8,Jimmychoo Hairbow - Teal,
hairbow-jimmychoo,,,,,,,,,,,,,,,,,,,,https://res.cloudinary.com/duu26sqog/image/upload/v1775597172/scrunchcreate/products/hairbow/jimmychoo/peach-pink/sc-hairbow-jimmychoo-peach-pink-2.webp,9,Jimmychoo Hairbow view 9,
hairbow-jimmychoo,,,,,,,,,,,,,,,,,,,,https://res.cloudinary.com/duu26sqog/image/upload/v1775597173/scrunchcreate/products/hairbow/jimmychoo/purple/sc-hairbow-jimmychoo-purple-1.webp,10,Jimmychoo Hairbow view 10,
hairbow-jimmychoo,,,,,,,,,,,,,,,,,,,,https://res.cloudinary.com/duu26sqog/image/upload/v1775597176/scrunchcreate/products/hairbow/jimmychoo/purple/sc-hairbow-jimmychoo-purple-2.webp,11,Jimmychoo Hairbow view 11,
hairbow-jimmychoo,,,,,,,,,,,,,,,,,,,,https://res.cloudinary.com/duu26sqog/image/upload/v1775597178/scrunchcreate/products/hairbow/jimmychoo/purple/sc-hairbow-jimmychoo-purple-3.webp,12,Jimmychoo Hairbow view 12,
hairbow-jimmychoo,,,,,,,,,,,,,,,,,,,,https://res.cloudinary.com/duu26sqog/image/upload/v1775597181/scrunchcreate/products/hairbow/jimmychoo/purple/sc-hairbow-jimmychoo-purple-4.webp,13,Jimmychoo Hairbow view 13,
hairbow-jimmychoo,,,,,,,,,,,,,,,,,,,,https://res.cloudinary.com/duu26sqog/image/upload/v1775597184/scrunchcreate/products/hairbow/jimmychoo/sky-blue/sc-hairbow-jimmychoo-sky-blue-1.webp,14,Jimmychoo Hairbow view 14,
hairbow-jimmychoo,,,,,,,,,,,,,,,,,,,,https://res.cloudinary.com/duu26sqog/image/upload/v1775597190/scrunchcreate/products/hairbow/jimmychoo/teal/sc-hairbow-jimmychoo-teal-1.webp,15,Jimmychoo Hairbow view 15,
hairbow-satin,Satin Hairbow,<p>Classic Satin Hairbow.</p>,Scrunch & Create,Apparel & Accessories > Clothing Accessories > Hair Accessories,Hairbow,"hairbow, satin, Handmade, Hair Accessories",TRUE,Color,Black,satin-hairbow-black,50,shopify,20,continue,manual,79,95,TRUE,FALSE,https://res.cloudinary.com/duu26sqog/image/upload/v1775597214/scrunchcreate/products/hairbow/satin/black/sc-hairbow-satin-black-1.webp,1,Satin Hairbow - Black,active
hairbow-satin,,,,,,,,Color,Brown,satin-hairbow-brown,50,shopify,20,continue,manual,79,95,TRUE,FALSE,https://res.cloudinary.com/duu26sqog/image/upload/v1775597215/scrunchcreate/products/hairbow/satin/black/sc-hairbow-satin-black-2.webp,2,Satin Hairbow - Brown,
hairbow-satin,,,,,,,,Color,Cream,satin-hairbow-cream,50,shopify,20,continue,manual,79,95,TRUE,FALSE,https://res.cloudinary.com/duu26sqog/image/upload/v1775597217/scrunchcreate/products/hairbow/satin/brown/sc-hairbow-satin-brown-1.webp,3,Satin Hairbow - Cream,
hairbow-satin,,,,,,,,Color,Green,satin-hairbow-green,50,shopify,20,continue,manual,79,95,TRUE,FALSE,https://res.cloudinary.com/duu26sqog/image/upload/v1775597219/scrunchcreate/products/hairbow/satin/cream/sc-hairbow-satin-cream-1.webp,4,Satin Hairbow - Green,
hairbow-satin,,,,,,,,Color,Grey,satin-hairbow-grey,50,shopify,20,continue,manual,79,95,TRUE,FALSE,https://res.cloudinary.com/duu26sqog/image/upload/v1775597221/scrunchcreate/products/hairbow/satin/green/sc-hairbow-satin-green-1.webp,5,Satin Hairbow - Grey,
hairbow-satin,,,,,,,,Color,Lilac,satin-hairbow-lilac,50,shopify,20,continue,manual,79,95,TRUE,FALSE,https://res.cloudinary.com/duu26sqog/image/upload/v1775597223/scrunchcreate/products/hairbow/satin/grey/sc-hairbow-satin-grey-1.webp,6,Satin Hairbow - Lilac,
hairbow-satin,,,,,,,,Color,Magenta,satin-hairbow-magenta,50,shopify,20,continue,manual,79,95,TRUE,FALSE,https://res.cloudinary.com/duu26sqog/image/upload/v1775597225/scrunchcreate/products/hairbow/satin/lilac/sc-hairbow-satin-lilac-1.webp,7,Satin Hairbow - Magenta,
hairbow-satin,,,,,,,,Color,Metallic-olive,satin-hairbow-metallic-olive,50,shopify,20,continue,manual,79,95,TRUE,FALSE,https://res.cloudinary.com/duu26sqog/image/upload/v1775597227/scrunchcreate/products/hairbow/satin/magenta/sc-hairbow-satin-magenta-1.webp,8,Satin Hairbow - Metallic-olive,
hairbow-satin,,,,,,,,Color,Peach-cream,satin-hairbow-peach-cream,50,shopify,20,continue,manual,79,95,TRUE,FALSE,https://res.cloudinary.com/duu26sqog/image/upload/v1775597230/scrunchcreate/products/hairbow/satin/metallic-olive/sc-hairbow-satin-metallic-olive-1.webp,9,Satin Hairbow - Peach-cream,
hairbow-satin,,,,,,,,Color,Peach-pink,satin-hairbow-peach-pink,50,shopify,20,continue,manual,79,95,TRUE,FALSE,https://res.cloudinary.com/duu26sqog/image/upload/v1775597232/scrunchcreate/products/hairbow/satin/peach-cream/sc-hairbow-satin-peach-cream-1.webp,10,Satin Hairbow - Peach-pink,
hairbow-satin,,,,,,,,Color,Petrol,satin-hairbow-petrol,50,shopify,20,continue,manual,79,95,TRUE,FALSE,https://res.cloudinary.com/duu26sqog/image/upload/v1775597235/scrunchcreate/products/hairbow/satin/peach-cream/sc-hairbow-satin-peach-cream-2.webp,11,Satin Hairbow - Petrol,
hairbow-satin,,,,,,,,Color,Red,satin-hairbow-red,50,shopify,20,continue,manual,79,95,TRUE,FALSE,https://res.cloudinary.com/duu26sqog/image/upload/v1775597238/scrunchcreate/products/hairbow/satin/peach-pink/sc-hairbow-satin-peach-pink-1.webp,12,Satin Hairbow - Red,
hairbow-satin,,,,,,,,Color,Sky-blue,satin-hairbow-sky-blue,50,shopify,20,continue,manual,79,95,TRUE,FALSE,https://res.cloudinary.com/duu26sqog/image/upload/v1775597240/scrunchcreate/products/hairbow/satin/petrol/sc-hairbow-satin-petrol-1.webp,13,Satin Hairbow - Sky-blue,
hairbow-satin,,,,,,,,Color,White,satin-hairbow-white,50,shopify,20,continue,manual,79,95,TRUE,FALSE,https://res.cloudinary.com/duu26sqog/image/upload/v1775597242/scrunchcreate/products/hairbow/satin/petrol/sc-hairbow-satin-petrol-2.webp,14,Satin Hairbow - White,
hairbow-satin,,,,,,,,Color,Wine,satin-hairbow-wine,50,shopify,20,continue,manual,79,95,TRUE,FALSE,https://res.cloudinary.com/duu26sqog/image/upload/v1775597244/scrunchcreate/products/hairbow/satin/red/sc-hairbow-satin-red-1.webp,15,Satin Hairbow - Wine,
hairbow-satin,,,,,,,,Color,Yellow,satin-hairbow-yellow,50,shopify,20,continue,manual,79,95,TRUE,FALSE,https://res.cloudinary.com/duu26sqog/image/upload/v1775597246/scrunchcreate/products/hairbow/satin/sky-blue/sc-hairbow-satin-sky-blue-1.webp,16,Satin Hairbow - Yellow,
hairbow-satin,,,,,,,,,,,,,,,,,,,,https://res.cloudinary.com/duu26sqog/image/upload/v1775597248/scrunchcreate/products/hairbow/satin/white/sc-hairbow-satin-white-1.webp,17,Satin Hairbow view 17,
hairbow-satin,,,,,,,,,,,,,,,,,,,,https://res.cloudinary.com/duu26sqog/image/upload/v1775597249/scrunchcreate/products/hairbow/satin/white/sc-hairbow-satin-white-2.webp,18,Satin Hairbow view 18,
hairbow-satin,,,,,,,,,,,,,,,,,,,,https://res.cloudinary.com/duu26sqog/image/upload/v1775597251/scrunchcreate/products/hairbow/satin/wine/sc-hairbow-satin-wine-1.webp,19,Satin Hairbow view 19,
hairbow-satin,,,,,,,,,,,,,,,,,,,,https://res.cloudinary.com/duu26sqog/image/upload/v1775597253/scrunchcreate/products/hairbow/satin/wine/sc-hairbow-satin-wine-2.webp,20,Satin Hairbow view 20,
hairbow-satin,,,,,,,,,,,,,,,,,,,,https://res.cloudinary.com/duu26sqog/image/upload/v1775597255/scrunchcreate/products/hairbow/satin/yellow/sc-hairbow-satin-yellow-1.webp,21,Satin Hairbow view 21,
hairbow-satin-mini,Satin Mini Hairbow,<p>Cute Satin Mini Hairbows.</p>,Scrunch & Create,Apparel & Accessories > Clothing Accessories > Hair Accessories,Hairbow,"hairbow, satin-mini, Handmade, Hair Accessories",TRUE,Color,Black,satin-mini-hairbow-black,50,shopify,20,continue,manual,49,59,TRUE,FALSE,https://res.cloudinary.com/duu26sqog/image/upload/v1775597256/scrunchcreate/products/hairbow/satin-mini/black/sc-hairbow-satin-mini-black-1.webp,1,Satin Mini Hairbow - Black,active
hairbow-satin-mini,,,,,,,,Color,Chocolate,satin-mini-hairbow-chocolate,50,shopify,20,continue,manual,49,59,TRUE,FALSE,https://res.cloudinary.com/duu26sqog/image/upload/v1775597258/scrunchcreate/products/hairbow/satin-mini/chocolate/sc-hairbow-satin-mini-chocolate-1.webp,2,Satin Mini Hairbow - Chocolate,
hairbow-satin-mini,,,,,,,,Color,Combo,satin-mini-hairbow-combo,50,shopify,20,continue,manual,49,59,TRUE,FALSE,https://res.cloudinary.com/duu26sqog/image/upload/v1775597259/scrunchcreate/products/hairbow/satin-mini/combo/sc-hairbow-satin-mini-combo-1.webp,3,Satin Mini Hairbow - Combo,
hairbow-satin-mini,,,,,,,,Color,Cream,satin-mini-hairbow-cream,50,shopify,20,continue,manual,49,59,TRUE,FALSE,https://res.cloudinary.com/duu26sqog/image/upload/v1775597260/scrunchcreate/products/hairbow/satin-mini/cream/sc-hairbow-satin-mini-cream-1.webp,4,Satin Mini Hairbow - Cream,
hairbow-satin-mini,,,,,,,,Color,Grey,satin-mini-hairbow-grey,50,shopify,20,continue,manual,49,59,TRUE,FALSE,https://res.cloudinary.com/duu26sqog/image/upload/v1775597262/scrunchcreate/products/hairbow/satin-mini/grey/sc-hairbow-satin-mini-grey-1.webp,5,Satin Mini Hairbow - Grey,
hairbow-satin-mini,,,,,,,,Color,Lilac,satin-mini-hairbow-lilac,50,shopify,20,continue,manual,49,59,TRUE,FALSE,https://res.cloudinary.com/duu26sqog/image/upload/v1775597263/scrunchcreate/products/hairbow/satin-mini/lilac/sc-hairbow-satin-mini-lilac-1.webp,6,Satin Mini Hairbow - Lilac,
hairbow-satin-mini,,,,,,,,Color,Magenta,satin-mini-hairbow-magenta,50,shopify,20,continue,manual,49,59,TRUE,FALSE,https://res.cloudinary.com/duu26sqog/image/upload/v1775597265/scrunchcreate/products/hairbow/satin-mini/magenta/sc-hairbow-satin-mini-magenta-1.webp,7,Satin Mini Hairbow - Magenta,
hairbow-satin-mini,,,,,,,,Color,Peach,satin-mini-hairbow-peach,50,shopify,20,continue,manual,49,59,TRUE,FALSE,https://res.cloudinary.com/duu26sqog/image/upload/v1775597266/scrunchcreate/products/hairbow/satin-mini/peach/sc-hairbow-satin-mini-peach-1.webp,8,Satin Mini Hairbow - Peach,
hairbow-satin-mini,,,,,,,,Color,Petrol-blue,satin-mini-hairbow-petrol-blue,50,shopify,20,continue,manual,49,59,TRUE,FALSE,https://res.cloudinary.com/duu26sqog/image/upload/v1775597267/scrunchcreate/products/hairbow/satin-mini/petrol-blue/sc-hairbow-satin-mini-petrol-blue-1.webp,9,Satin Mini Hairbow - Petrol-blue,
hairbow-satin-mini,,,,,,,,Color,Pistachio,satin-mini-hairbow-pistachio,50,shopify,20,continue,manual,49,59,TRUE,FALSE,https://res.cloudinary.com/duu26sqog/image/upload/v1775597268/scrunchcreate/products/hairbow/satin-mini/pistachio/sc-hairbow-satin-mini-pistachio-1.webp,10,Satin Mini Hairbow - Pistachio,
hairbow-satin-mini,,,,,,,,Color,Red,satin-mini-hairbow-red,50,shopify,20,continue,manual,49,59,TRUE,FALSE,https://res.cloudinary.com/duu26sqog/image/upload/v1775597270/scrunchcreate/products/hairbow/satin-mini/red/sc-hairbow-satin-mini-red-1.webp,11,Satin Mini Hairbow - Red,
hairbow-satin-mini,,,,,,,,Color,Sky-blue,satin-mini-hairbow-sky-blue,50,shopify,20,continue,manual,49,59,TRUE,FALSE,https://res.cloudinary.com/duu26sqog/image/upload/v1775597271/scrunchcreate/products/hairbow/satin-mini/sky-blue/sc-hairbow-satin-mini-sky-blue-1.webp,12,Satin Mini Hairbow - Sky-blue,
hairbow-satin-mini,,,,,,,,Color,White,satin-mini-hairbow-white,50,shopify,20,continue,manual,49,59,TRUE,FALSE,https://res.cloudinary.com/duu26sqog/image/upload/v1775597272/scrunchcreate/products/hairbow/satin-mini/white/sc-hairbow-satin-mini-white-1.webp,13,Satin Mini Hairbow - White,
hairbow-satin-mini,,,,,,,,Color,Wine,satin-mini-hairbow-wine,50,shopify,20,continue,manual,49,59,TRUE,FALSE,https://res.cloudinary.com/duu26sqog/image/upload/v1775597273/scrunchcreate/products/hairbow/satin-mini/wine/sc-hairbow-satin-mini-wine-1.webp,14,Satin Mini Hairbow - Wine,
hairbow-satin-mini,,,,,,,,Color,Yellow,satin-mini-hairbow-yellow,50,shopify,20,continue,manual,49,59,TRUE,FALSE,https://res.cloudinary.com/duu26sqog/image/upload/v1775597275/scrunchcreate/products/hairbow/satin-mini/yellow/sc-hairbow-satin-mini-yellow-1.webp,15,Satin Mini Hairbow - Yellow,
hairbow-satin-princes,Satin Princes Hairbow,<p>Elegant Satin Princes Hairbows.</p>,Scrunch & Create,Apparel & Accessories > Clothing Accessories > Hair Accessories,Hairbow,"hairbow, satin-princes, Handmade, Hair Accessories",TRUE,Color,Black,satin-princes-hairbow-black,50,shopify,20,continue,manual,79,95,TRUE,FALSE,https://res.cloudinary.com/duu26sqog/image/upload/v1775597276/scrunchcreate/products/hairbow/satin-princes/black/sc-hairbow-satin-princes-black-1.webp,1,Satin Princes Hairbow - Black,active
hairbow-satin-princes,,,,,,,,Color,Chocolate,satin-princes-hairbow-chocolate,50,shopify,20,continue,manual,79,95,TRUE,FALSE,https://res.cloudinary.com/duu26sqog/image/upload/v1775597277/scrunchcreate/products/hairbow/satin-princes/black/sc-hairbow-satin-princes-black-2.webp,2,Satin Princes Hairbow - Chocolate,
hairbow-satin-princes,,,,,,,,Color,Combo,satin-princes-hairbow-combo,50,shopify,20,continue,manual,79,95,TRUE,FALSE,https://res.cloudinary.com/duu26sqog/image/upload/v1775597278/scrunchcreate/products/hairbow/satin-princes/chocolate/sc-hairbow-satin-princes-chocolate-1.webp,3,Satin Princes Hairbow - Combo,
hairbow-satin-princes,,,,,,,,Color,Cream,satin-princes-hairbow-cream,50,shopify,20,continue,manual,79,95,TRUE,FALSE,https://res.cloudinary.com/duu26sqog/image/upload/v1775597280/scrunchcreate/products/hairbow/satin-princes/chocolate/sc-hairbow-satin-princes-chocolate-2.webp,4,Satin Princes Hairbow - Cream,
hairbow-satin-princes,,,,,,,,Color,Grey,satin-princes-hairbow-grey,50,shopify,20,continue,manual,79,95,TRUE,FALSE,https://res.cloudinary.com/duu26sqog/image/upload/v1775597281/scrunchcreate/products/hairbow/satin-princes/combo/sc-hairbow-satin-princes-combo-1.webp,5,Satin Princes Hairbow - Grey,
hairbow-satin-princes,,,,,,,,Color,Light-yellow,satin-princes-hairbow-light-yellow,50,shopify,20,continue,manual,79,95,TRUE,FALSE,https://res.cloudinary.com/duu26sqog/image/upload/v1775597282/scrunchcreate/products/hairbow/satin-princes/combo/sc-hairbow-satin-princes-combo-2.webp,6,Satin Princes Hairbow - Light-yellow,
hairbow-satin-princes,,,,,,,,Color,Lilac,satin-princes-hairbow-lilac,50,shopify,20,continue,manual,79,95,TRUE,FALSE,https://res.cloudinary.com/duu26sqog/image/upload/v1775597284/scrunchcreate/products/hairbow/satin-princes/combo/sc-hairbow-satin-princes-combo-3.webp,7,Satin Princes Hairbow - Lilac,
hairbow-satin-princes,,,,,,,,Color,Magenta,satin-princes-hairbow-magenta,50,shopify,20,continue,manual,79,95,TRUE,FALSE,https://res.cloudinary.com/duu26sqog/image/upload/v1775597285/scrunchcreate/products/hairbow/satin-princes/combo/sc-hairbow-satin-princes-combo-4.webp,8,Satin Princes Hairbow - Magenta,
hairbow-satin-princes,,,,,,,,Color,Peach,satin-princes-hairbow-peach,50,shopify,20,continue,manual,79,95,TRUE,FALSE,https://res.cloudinary.com/duu26sqog/image/upload/v1775597287/scrunchcreate/products/hairbow/satin-princes/combo/sc-hairbow-satin-princes-combo-5.webp,9,Satin Princes Hairbow - Peach,
hairbow-satin-princes,,,,,,,,Color,Petrol-blue,satin-princes-hairbow-petrol-blue,50,shopify,20,continue,manual,79,95,TRUE,FALSE,https://res.cloudinary.com/duu26sqog/image/upload/v1775597288/scrunchcreate/products/hairbow/satin-princes/combo/sc-hairbow-satin-princes-combo-6.webp,10,Satin Princes Hairbow - Petrol-blue,
hairbow-satin-princes,,,,,,,,Color,Pistachio,satin-princes-hairbow-pistachio,50,shopify,20,continue,manual,79,95,TRUE,FALSE,https://res.cloudinary.com/duu26sqog/image/upload/v1775597289/scrunchcreate/products/hairbow/satin-princes/cream/sc-hairbow-satin-princes-cream-1.webp,11,Satin Princes Hairbow - Pistachio,
hairbow-satin-princes,,,,,,,,Color,Red,satin-princes-hairbow-red,50,shopify,20,continue,manual,79,95,TRUE,FALSE,https://res.cloudinary.com/duu26sqog/image/upload/v1775597290/scrunchcreate/products/hairbow/satin-princes/grey/sc-hairbow-satin-princes-grey-1.webp,12,Satin Princes Hairbow - Red,
hairbow-satin-princes,,,,,,,,Color,Sky-blue,satin-princes-hairbow-sky-blue,50,shopify,20,continue,manual,79,95,TRUE,FALSE,https://res.cloudinary.com/duu26sqog/image/upload/v1775597292/scrunchcreate/products/hairbow/satin-princes/grey/sc-hairbow-satin-princes-grey-2.webp,13,Satin Princes Hairbow - Sky-blue,
hairbow-satin-princes,,,,,,,,Color,White,satin-princes-hairbow-white,50,shopify,20,continue,manual,79,95,TRUE,FALSE,https://res.cloudinary.com/duu26sqog/image/upload/v1775597293/scrunchcreate/products/hairbow/satin-princes/light-yellow/sc-hairbow-satin-princes-light-yellow-1.webp,14,Satin Princes Hairbow - White,
hairbow-satin-princes,,,,,,,,,,,,,,,,,,,,https://res.cloudinary.com/duu26sqog/image/upload/v1775597295/scrunchcreate/products/hairbow/satin-princes/lilac/sc-hairbow-satin-princes-lilac-1.webp,15,Satin Princes Hairbow view 15,
hairbow-satin-princes,,,,,,,,,,,,,,,,,,,,https://res.cloudinary.com/duu26sqog/image/upload/v1775597296/scrunchcreate/products/hairbow/satin-princes/magenta/sc-hairbow-satin-princes-magenta-1.webp,16,Satin Princes Hairbow view 16,
hairbow-satin-princes,,,,,,,,,,,,,,,,,,,,https://res.cloudinary.com/duu26sqog/image/upload/v1775597298/scrunchcreate/products/hairbow/satin-princes/peach/sc-hairbow-satin-princes-peach-1.webp,17,Satin Princes Hairbow view 17,
hairbow-satin-princes,,,,,,,,,,,,,,,,,,,,https://res.cloudinary.com/duu26sqog/image/upload/v1775597299/scrunchcreate/products/hairbow/satin-princes/petrol-blue/sc-hairbow-satin-princes-petrol-blue-1.webp,18,Satin Princes Hairbow view 18,
hairbow-satin-princes,,,,,,,,,,,,,,,,,,,,https://res.cloudinary.com/duu26sqog/image/upload/v1775597300/scrunchcreate/products/hairbow/satin-princes/pistachio/sc-hairbow-satin-princes-pistachio-1.webp,19,Satin Princes Hairbow view 19,
hairbow-satin-princes,,,,,,,,,,,,,,,,,,,,https://res.cloudinary.com/duu26sqog/image/upload/v1775597301/scrunchcreate/products/hairbow/satin-princes/red/sc-hairbow-satin-princes-red-1.webp,20,Satin Princes Hairbow view 20,
hairbow-satin-princes,,,,,,,,,,,,,,,,,,,,https://res.cloudinary.com/duu26sqog/image/upload/v1775597302/scrunchcreate/products/hairbow/satin-princes/sky-blue/sc-hairbow-satin-princes-sky-blue-1.webp,21,Satin Princes Hairbow view 21,
hairbow-satin-princes,,,,,,,,,,,,,,,,,,,,https://res.cloudinary.com/duu26sqog/image/upload/v1775597304/scrunchcreate/products/hairbow/satin-princes/white/sc-hairbow-satin-princes-white-1.webp,22,Satin Princes Hairbow view 22,
hairbow-satin-tulip,Satin Tulip Hairbow,<p>Lovely Satin Tulip Hairbows.</p>,Scrunch & Create,Apparel & Accessories > Clothing Accessories > Hair Accessories,Hairbow,"hairbow, satin-tulip, Handmade, Hair Accessories",TRUE,Color,Black,satin-tulip-hairbow-black,50,shopify,20,continue,manual,89,107,TRUE,FALSE,https://res.cloudinary.com/duu26sqog/image/upload/v1775597306/scrunchcreate/products/hairbow/satin-tulip/black/sc-hairbow-satin-tulip-black-1.webp,1,Satin Tulip Hairbow - Black,active
hairbow-satin-tulip,,,,,,,,Color,Chocolate,satin-tulip-hairbow-chocolate,50,shopify,20,continue,manual,89,107,TRUE,FALSE,https://res.cloudinary.com/duu26sqog/image/upload/v1775597307/scrunchcreate/products/hairbow/satin-tulip/black/sc-hairbow-satin-tulip-black-2.webp,2,Satin Tulip Hairbow - Chocolate,
hairbow-satin-tulip,,,,,,,,Color,Cream,satin-tulip-hairbow-cream,50,shopify,20,continue,manual,89,107,TRUE,FALSE,https://scrunchcreate.com/assets/products/hairbow/satin-tulip/black/sc-hairbow-satin-tulip-black-3.webp,3,Satin Tulip Hairbow - Cream,
hairbow-satin-tulip,,,,,,,,Color,Grey,satin-tulip-hairbow-grey,50,shopify,20,continue,manual,89,107,TRUE,FALSE,https://res.cloudinary.com/duu26sqog/image/upload/v1775597308/scrunchcreate/products/hairbow/satin-tulip/chocolate/sc-hairbow-satin-tulip-chocolate-1.webp,4,Satin Tulip Hairbow - Grey,
hairbow-satin-tulip,,,,,,,,Color,Light-yellow,satin-tulip-hairbow-light-yellow,50,shopify,20,continue,manual,89,107,TRUE,FALSE,https://res.cloudinary.com/duu26sqog/image/upload/v1775597310/scrunchcreate/products/hairbow/satin-tulip/chocolate/sc-hairbow-satin-tulip-chocolate-2.webp,5,Satin Tulip Hairbow - Light-yellow,
hairbow-satin-tulip,,,,,,,,Color,Lilac,satin-tulip-hairbow-lilac,50,shopify,20,continue,manual,89,107,TRUE,FALSE,https://res.cloudinary.com/duu26sqog/image/upload/v1775597311/scrunchcreate/products/hairbow/satin-tulip/cream/sc-hairbow-satin-tulip-cream-1.webp,6,Satin Tulip Hairbow - Lilac,
hairbow-satin-tulip,,,,,,,,Color,Magenta,satin-tulip-hairbow-magenta,50,shopify,20,continue,manual,89,107,TRUE,FALSE,https://res.cloudinary.com/duu26sqog/image/upload/v1775597312/scrunchcreate/products/hairbow/satin-tulip/cream/sc-hairbow-satin-tulip-cream-2.webp,7,Satin Tulip Hairbow - Magenta,
hairbow-satin-tulip,,,,,,,,Color,Peach,satin-tulip-hairbow-peach,50,shopify,20,continue,manual,89,107,TRUE,FALSE,https://res.cloudinary.com/duu26sqog/image/upload/v1775597313/scrunchcreate/products/hairbow/satin-tulip/grey/sc-hairbow-satin-tulip-grey-1.webp,8,Satin Tulip Hairbow - Peach,
hairbow-satin-tulip,,,,,,,,Color,Petrol-blue,satin-tulip-hairbow-petrol-blue,50,shopify,20,continue,manual,89,107,TRUE,FALSE,https://res.cloudinary.com/duu26sqog/image/upload/v1775597315/scrunchcreate/products/hairbow/satin-tulip/grey/sc-hairbow-satin-tulip-grey-2.webp,9,Satin Tulip Hairbow - Petrol-blue,
hairbow-satin-tulip,,,,,,,,Color,Pistachio,satin-tulip-hairbow-pistachio,50,shopify,20,continue,manual,89,107,TRUE,FALSE,https://res.cloudinary.com/duu26sqog/image/upload/v1775597316/scrunchcreate/products/hairbow/satin-tulip/light-yellow/sc-hairbow-satin-tulip-light-yellow-1.webp,10,Satin Tulip Hairbow - Pistachio,
hairbow-satin-tulip,,,,,,,,Color,Red,satin-tulip-hairbow-red,50,shopify,20,continue,manual,89,107,TRUE,FALSE,https://res.cloudinary.com/duu26sqog/image/upload/v1775597317/scrunchcreate/products/hairbow/satin-tulip/light-yellow/sc-hairbow-satin-tulip-light-yellow-2.webp,11,Satin Tulip Hairbow - Red,
hairbow-satin-tulip,,,,,,,,Color,Sky-blue,satin-tulip-hairbow-sky-blue,50,shopify,20,continue,manual,89,107,TRUE,FALSE,https://res.cloudinary.com/duu26sqog/image/upload/v1775597319/scrunchcreate/products/hairbow/satin-tulip/lilac/sc-hairbow-satin-tulip-lilac-1.webp,12,Satin Tulip Hairbow - Sky-blue,
hairbow-satin-tulip,,,,,,,,Color,White,satin-tulip-hairbow-white,50,shopify,20,continue,manual,89,107,TRUE,FALSE,https://res.cloudinary.com/duu26sqog/image/upload/v1775597320/scrunchcreate/products/hairbow/satin-tulip/lilac/sc-hairbow-satin-tulip-lilac-2.webp,13,Satin Tulip Hairbow - White,
hairbow-satin-tulip,,,,,,,,Color,Wine,satin-tulip-hairbow-wine,50,shopify,20,continue,manual,89,107,TRUE,FALSE,https://res.cloudinary.com/duu26sqog/image/upload/v1775597322/scrunchcreate/products/hairbow/satin-tulip/magenta/sc-hairbow-satin-tulip-magenta-1.webp,14,Satin Tulip Hairbow - Wine,
hairbow-satin-tulip,,,,,,,,,,,,,,,,,,,,https://res.cloudinary.com/duu26sqog/image/upload/v1775597323/scrunchcreate/products/hairbow/satin-tulip/magenta/sc-hairbow-satin-tulip-magenta-2.webp,15,Satin Tulip Hairbow view 15,
hairbow-satin-tulip,,,,,,,,,,,,,,,,,,,,https://res.cloudinary.com/duu26sqog/image/upload/v1775597325/scrunchcreate/products/hairbow/satin-tulip/peach/sc-hairbow-satin-tulip-peach-1.webp,16,Satin Tulip Hairbow view 16,
hairbow-satin-tulip,,,,,,,,,,,,,,,,,,,,https://res.cloudinary.com/duu26sqog/image/upload/v1775597326/scrunchcreate/products/hairbow/satin-tulip/peach/sc-hairbow-satin-tulip-peach-2.webp,17,Satin Tulip Hairbow view 17,
hairbow-satin-tulip,,,,,,,,,,,,,,,,,,,,https://res.cloudinary.com/duu26sqog/image/upload/v1775597328/scrunchcreate/products/hairbow/satin-tulip/peach/sc-hairbow-satin-tulip-peach-3.webp,18,Satin Tulip Hairbow view 18,
hairbow-satin-tulip,,,,,,,,,,,,,,,,,,,,https://res.cloudinary.com/duu26sqog/image/upload/v1775597329/scrunchcreate/products/hairbow/satin-tulip/peach/sc-hairbow-satin-tulip-peach-4.webp,19,Satin Tulip Hairbow view 19,
hairbow-satin-tulip,,,,,,,,,,,,,,,,,,,,https://res.cloudinary.com/duu26sqog/image/upload/v1775597331/scrunchcreate/products/hairbow/satin-tulip/petrol-blue/sc-hairbow-satin-tulip-petrol-blue-1.webp,20,Satin Tulip Hairbow view 20,
hairbow-satin-tulip,,,,,,,,,,,,,,,,,,,,https://res.cloudinary.com/duu26sqog/image/upload/v1775597332/scrunchcreate/products/hairbow/satin-tulip/petrol-blue/sc-hairbow-satin-tulip-petrol-blue-2.webp,21,Satin Tulip Hairbow view 21,
hairbow-satin-tulip,,,,,,,,,,,,,,,,,,,,https://res.cloudinary.com/duu26sqog/image/upload/v1775597334/scrunchcreate/products/hairbow/satin-tulip/pistachio/sc-hairbow-satin-tulip-pistachio-1.webp,22,Satin Tulip Hairbow view 22,
hairbow-satin-tulip,,,,,,,,,,,,,,,,,,,,https://res.cloudinary.com/duu26sqog/image/upload/v1775597336/scrunchcreate/products/hairbow/satin-tulip/pistachio/sc-hairbow-satin-tulip-pistachio-2.webp,23,Satin Tulip Hairbow view 23,
hairbow-satin-tulip,,,,,,,,,,,,,,,,,,,,https://res.cloudinary.com/duu26sqog/image/upload/v1775597338/scrunchcreate/products/hairbow/satin-tulip/red/sc-hairbow-satin-tulip-red-1.webp,24,Satin Tulip Hairbow view 24,
hairbow-satin-tulip,,,,,,,,,,,,,,,,,,,,https://res.cloudinary.com/duu26sqog/image/upload/v1775597339/scrunchcreate/products/hairbow/satin-tulip/red/sc-hairbow-satin-tulip-red-2.webp,25,Satin Tulip Hairbow view 25,
hairbow-satin-tulip,,,,,,,,,,,,,,,,,,,,https://res.cloudinary.com/duu26sqog/image/upload/v1775597341/scrunchcreate/products/hairbow/satin-tulip/red/sc-hairbow-satin-tulip-red-3.webp,26,Satin Tulip Hairbow view 26,
hairbow-satin-tulip,,,,,,,,,,,,,,,,,,,,https://res.cloudinary.com/duu26sqog/image/upload/v1775597343/scrunchcreate/products/hairbow/satin-tulip/sky-blue/sc-hairbow-satin-tulip-sky-blue-1.webp,27,Satin Tulip Hairbow view 27,
hairbow-satin-tulip,,,,,,,,,,,,,,,,,,,,https://res.cloudinary.com/duu26sqog/image/upload/v1775597345/scrunchcreate/products/hairbow/satin-tulip/sky-blue/sc-hairbow-satin-tulip-sky-blue-2.webp,28,Satin Tulip Hairbow view 28,
hairbow-satin-tulip,,,,,,,,,,,,,,,,,,,,https://res.cloudinary.com/duu26sqog/image/upload/v1775597347/scrunchcreate/products/hairbow/satin-tulip/white/sc-hairbow-satin-tulip-white-1.webp,29,Satin Tulip Hairbow view 29,
hairbow-satin-tulip,,,,,,,,,,,,,,,,,,,,https://res.cloudinary.com/duu26sqog/image/upload/v1775597349/scrunchcreate/products/hairbow/satin-tulip/wine/sc-hairbow-satin-tulip-wine-1.webp,30,Satin Tulip Hairbow view 30,
hairbow-satin-tulip,,,,,,,,,,,,,,,,,,,,https://res.cloudinary.com/duu26sqog/image/upload/v1775597350/scrunchcreate/products/hairbow/satin-tulip/wine/sc-hairbow-satin-tulip-wine-2.webp,31,Satin Tulip Hairbow view 31,
hairbow-scarf,Scarf Hairbow,<p>Stylish Scarf Hairbows.</p>,Scrunch & Create,Apparel & Accessories > Clothing Accessories > Hair Accessories,Hairbow,"hairbow, scarf, Handmade, Hair Accessories",TRUE,Color,Black,scarf-hairbow-black,50,shopify,20,continue,manual,99,119,TRUE,FALSE,https://res.cloudinary.com/duu26sqog/image/upload/v1775597352/scrunchcreate/products/hairbow/scarf/black/sc-hairbow-scarf-black-1.webp,1,Scarf Hairbow - Black,active
hairbow-scarf,,,,,,,,Color,Brown,scarf-hairbow-brown,50,shopify,20,continue,manual,99,119,TRUE,FALSE,https://res.cloudinary.com/duu26sqog/image/upload/v1775597353/scrunchcreate/products/hairbow/scarf/black/sc-hairbow-scarf-black-2.webp,2,Scarf Hairbow - Brown,
hairbow-scarf,,,,,,,,Color,Cream,scarf-hairbow-cream,50,shopify,20,continue,manual,99,119,TRUE,FALSE,https://res.cloudinary.com/duu26sqog/image/upload/v1775597356/scrunchcreate/products/hairbow/scarf/brown/sc-hairbow-scarf-brown-1.webp,3,Scarf Hairbow - Cream,
hairbow-scarf,,,,,,,,Color,Green,scarf-hairbow-green,50,shopify,20,continue,manual,99,119,TRUE,FALSE,https://res.cloudinary.com/duu26sqog/image/upload/v1775597358/scrunchcreate/products/hairbow/scarf/cream/sc-hairbow-scarf-cream-1.webp,4,Scarf Hairbow - Green,
hairbow-scarf,,,,,,,,Color,Grey,scarf-hairbow-grey,50,shopify,20,continue,manual,99,119,TRUE,FALSE,https://res.cloudinary.com/duu26sqog/image/upload/v1775597360/scrunchcreate/products/hairbow/scarf/green/sc-hairbow-scarf-green-1.webp,5,Scarf Hairbow - Grey,
hairbow-scarf,,,,,,,,Color,Lavender,scarf-hairbow-lavender,50,shopify,20,continue,manual,99,119,TRUE,FALSE,https://res.cloudinary.com/duu26sqog/image/upload/v1775597362/scrunchcreate/products/hairbow/scarf/grey/sc-hairbow-scarf-grey-1.webp,6,Scarf Hairbow - Lavender,
hairbow-scarf,,,,,,,,Color,Magenta,scarf-hairbow-magenta,50,shopify,20,continue,manual,99,119,TRUE,FALSE,https://res.cloudinary.com/duu26sqog/image/upload/v1775597364/scrunchcreate/products/hairbow/scarf/grey/sc-hairbow-scarf-grey-2.webp,7,Scarf Hairbow - Magenta,
hairbow-scarf,,,,,,,,Color,Peach,scarf-hairbow-peach,50,shopify,20,continue,manual,99,119,TRUE,FALSE,https://res.cloudinary.com/duu26sqog/image/upload/v1775597366/scrunchcreate/products/hairbow/scarf/lavender/sc-hairbow-scarf-lavender-1.webp,8,Scarf Hairbow - Peach,
hairbow-scarf,,,,,,,,Color,Petrol,scarf-hairbow-petrol,50,shopify,20,continue,manual,99,119,TRUE,FALSE,https://res.cloudinary.com/duu26sqog/image/upload/v1775597367/scrunchcreate/products/hairbow/scarf/magenta/sc-hairbow-scarf-magenta-1.webp,9,Scarf Hairbow - Petrol,
hairbow-scarf,,,,,,,,Color,Red,scarf-hairbow-red,50,shopify,20,continue,manual,99,119,TRUE,FALSE,https://res.cloudinary.com/duu26sqog/image/upload/v1775597368/scrunchcreate/products/hairbow/scarf/magenta/sc-hairbow-scarf-magenta-2.webp,10,Scarf Hairbow - Red,
hairbow-scarf,,,,,,,,Color,Sky-blue,scarf-hairbow-sky-blue,50,shopify,20,continue,manual,99,119,TRUE,FALSE,https://res.cloudinary.com/duu26sqog/image/upload/v1775597370/scrunchcreate/products/hairbow/scarf/peach/sc-hairbow-scarf-peach-1.webp,11,Scarf Hairbow - Sky-blue,
hairbow-scarf,,,,,,,,Color,White,scarf-hairbow-white,50,shopify,20,continue,manual,99,119,TRUE,FALSE,https://res.cloudinary.com/duu26sqog/image/upload/v1775597372/scrunchcreate/products/hairbow/scarf/petrol/sc-hairbow-scarf-petrol-1.webp,12,Scarf Hairbow - White,
hairbow-scarf,,,,,,,,Color,Wine,scarf-hairbow-wine,50,shopify,20,continue,manual,99,119,TRUE,FALSE,https://res.cloudinary.com/duu26sqog/image/upload/v1775597373/scrunchcreate/products/hairbow/scarf/petrol/sc-hairbow-scarf-petrol-2.webp,13,Scarf Hairbow - Wine,
hairbow-scarf,,,,,,,,Color,Yellow,scarf-hairbow-yellow,50,shopify,20,continue,manual,99,119,TRUE,FALSE,https://res.cloudinary.com/duu26sqog/image/upload/v1775597375/scrunchcreate/products/hairbow/scarf/petrol/sc-hairbow-scarf-petrol-3.webp,14,Scarf Hairbow - Yellow,
hairbow-scarf,,,,,,,,,,,,,,,,,,,,https://res.cloudinary.com/duu26sqog/image/upload/v1775597376/scrunchcreate/products/hairbow/scarf/petrol/sc-hairbow-scarf-petrol-4.webp,15,Scarf Hairbow view 15,
hairbow-scarf,,,,,,,,,,,,,,,,,,,,https://res.cloudinary.com/duu26sqog/image/upload/v1775597378/scrunchcreate/products/hairbow/scarf/red/sc-hairbow-scarf-red-1.webp,16,Scarf Hairbow view 16,
hairbow-scarf,,,,,,,,,,,,,,,,,,,,https://res.cloudinary.com/duu26sqog/image/upload/v1775597379/scrunchcreate/products/hairbow/scarf/sky-blue/sc-hairbow-scarf-sky-blue-1.webp,17,Scarf Hairbow view 17,
hairbow-scarf,,,,,,,,,,,,,,,,,,,,https://res.cloudinary.com/duu26sqog/image/upload/v1775597380/scrunchcreate/products/hairbow/scarf/sky-blue/sc-hairbow-scarf-sky-blue-2.webp,18,Scarf Hairbow view 18,
hairbow-scarf,,,,,,,,,,,,,,,,,,,,https://res.cloudinary.com/duu26sqog/image/upload/v1775597382/scrunchcreate/products/hairbow/scarf/white/sc-hairbow-scarf-white-1.webp,19,Scarf Hairbow view 19,
hairbow-scarf,,,,,,,,,,,,,,,,,,,,https://res.cloudinary.com/duu26sqog/image/upload/v1775597383/scrunchcreate/products/hairbow/scarf/wine/sc-hairbow-scarf-wine-1.webp,20,Scarf Hairbow view 20,
hairbow-scarf,,,,,,,,,,,,,,,,,,,,https://res.cloudinary.com/duu26sqog/image/upload/v1775597384/scrunchcreate/products/hairbow/scarf/wine/sc-hairbow-scarf-wine-2.webp,21,Scarf Hairbow view 21,
hairbow-scarf,,,,,,,,,,,,,,,,,,,,https://res.cloudinary.com/duu26sqog/image/upload/v1775597385/scrunchcreate/products/hairbow/scarf/wine/sc-hairbow-scarf-wine-3.webp,22,Scarf Hairbow view 22,
hairbow-scarf,,,,,,,,,,,,,,,,,,,,https://res.cloudinary.com/duu26sqog/image/upload/v1775597386/scrunchcreate/products/hairbow/scarf/yellow/sc-hairbow-scarf-yellow-1.webp,23,Scarf Hairbow view 23,
hairbow-scarf,,,,,,,,,,,,,,,,,,,,https://res.cloudinary.com/duu26sqog/image/upload/v1775597388/scrunchcreate/products/hairbow/scarf/yellow/sc-hairbow-scarf-yellow-2.webp,24,Scarf Hairbow view 24,
hairbow-scarf,,,,,,,,,,,,,,,,,,,,https://res.cloudinary.com/duu26sqog/image/upload/v1775597389/scrunchcreate/products/hairbow/scarf/yellow/sc-hairbow-scarf-yellow-3.webp,25,Scarf Hairbow view 25,
hairbow-scarf,,,,,,,,,,,,,,,,,,,,https://res.cloudinary.com/duu26sqog/image/upload/v1775597390/scrunchcreate/products/hairbow/scarf/yellow/sc-hairbow-scarf-yellow-4.webp,26,Scarf Hairbow view 26,
hairbow-scarf,,,,,,,,,,,,,,,,,,,,https://res.cloudinary.com/duu26sqog/image/upload/v1775597391/scrunchcreate/products/hairbow/scarf/yellow/sc-hairbow-scarf-yellow-5.webp,27,Scarf Hairbow view 27,
hairbow-scarf,,,,,,,,,,,,,,,,,,,,https://res.cloudinary.com/duu26sqog/image/upload/v1775597392/scrunchcreate/products/hairbow/scarf/yellow/sc-hairbow-scarf-yellow-6.webp,28,Scarf Hairbow view 28,
hairbow-sheer-satin,Sheer Satin Hairbow,<p>Delicate Sheer Satin Hairbows.</p>,Scrunch & Create,Apparel & Accessories > Clothing Accessories > Hair Accessories,Hairbow,"hairbow, sheer-satin, Handmade, Hair Accessories",TRUE,Color,Beige,sheer-satin-hairbow-beige,50,shopify,20,continue,manual,79,95,TRUE,FALSE,https://res.cloudinary.com/duu26sqog/image/upload/v1775597394/scrunchcreate/products/hairbow/sheer-satin/beige/sc-hairbow-sheer-satin-beige-1.webp,1,Sheer Satin Hairbow - Beige,active
hairbow-sheer-satin,,,,,,,,Color,Golden-brown,sheer-satin-hairbow-golden-brown,50,shopify,20,continue,manual,79,95,TRUE,FALSE,https://res.cloudinary.com/duu26sqog/image/upload/v1775597396/scrunchcreate/products/hairbow/sheer-satin/beige/sc-hairbow-sheer-satin-beige-10.webp,2,Sheer Satin Hairbow - Golden-brown,
hairbow-sheer-satin,,,,,,,,Color,Lavender,sheer-satin-hairbow-lavender,50,shopify,20,continue,manual,79,95,TRUE,FALSE,https://res.cloudinary.com/duu26sqog/image/upload/v1775597397/scrunchcreate/products/hairbow/sheer-satin/beige/sc-hairbow-sheer-satin-beige-11.webp,3,Sheer Satin Hairbow - Lavender,
hairbow-sheer-satin,,,,,,,,Color,Magenta,sheer-satin-hairbow-magenta,50,shopify,20,continue,manual,79,95,TRUE,FALSE,https://res.cloudinary.com/duu26sqog/image/upload/v1775597399/scrunchcreate/products/hairbow/sheer-satin/beige/sc-hairbow-sheer-satin-beige-2.webp,4,Sheer Satin Hairbow - Magenta,
hairbow-sheer-satin,,,,,,,,Color,Maroon,sheer-satin-hairbow-maroon,50,shopify,20,continue,manual,79,95,TRUE,FALSE,https://res.cloudinary.com/duu26sqog/image/upload/v1775597400/scrunchcreate/products/hairbow/sheer-satin/beige/sc-hairbow-sheer-satin-beige-3.webp,5,Sheer Satin Hairbow - Maroon,
hairbow-sheer-satin,,,,,,,,Color,Mint-green,sheer-satin-hairbow-mint-green,50,shopify,20,continue,manual,79,95,TRUE,FALSE,https://res.cloudinary.com/duu26sqog/image/upload/v1775597402/scrunchcreate/products/hairbow/sheer-satin/beige/sc-hairbow-sheer-satin-beige-4.webp,6,Sheer Satin Hairbow - Mint-green,
hairbow-sheer-satin,,,,,,,,Color,Navy-blue,sheer-satin-hairbow-navy-blue,50,shopify,20,continue,manual,79,95,TRUE,FALSE,https://res.cloudinary.com/duu26sqog/image/upload/v1775597404/scrunchcreate/products/hairbow/sheer-satin/beige/sc-hairbow-sheer-satin-beige-5.webp,7,Sheer Satin Hairbow - Navy-blue,
hairbow-sheer-satin,,,,,,,,Color,Olive-green,sheer-satin-hairbow-olive-green,50,shopify,20,continue,manual,79,95,TRUE,FALSE,https://res.cloudinary.com/duu26sqog/image/upload/v1775597406/scrunchcreate/products/hairbow/sheer-satin/beige/sc-hairbow-sheer-satin-beige-6.webp,8,Sheer Satin Hairbow - Olive-green,
hairbow-sheer-satin,,,,,,,,Color,Yellow,sheer-satin-hairbow-yellow,50,shopify,20,continue,manual,79,95,TRUE,FALSE,https://res.cloudinary.com/duu26sqog/image/upload/v1775597408/scrunchcreate/products/hairbow/sheer-satin/beige/sc-hairbow-sheer-satin-beige-7.webp,9,Sheer Satin Hairbow - Yellow,
hairbow-sheer-satin,,,,,,,,,,,,,,,,,,,,https://res.cloudinary.com/duu26sqog/image/upload/v1775597411/scrunchcreate/products/hairbow/sheer-satin/beige/sc-hairbow-sheer-satin-beige-8.webp,10,Sheer Satin Hairbow view 10,
hairbow-sheer-satin,,,,,,,,,,,,,,,,,,,,https://res.cloudinary.com/duu26sqog/image/upload/v1775597413/scrunchcreate/products/hairbow/sheer-satin/beige/sc-hairbow-sheer-satin-beige-9.webp,11,Sheer Satin Hairbow view 11,
hairbow-sheer-satin,,,,,,,,,,,,,,,,,,,,https://res.cloudinary.com/duu26sqog/image/upload/v1775597415/scrunchcreate/products/hairbow/sheer-satin/golden-brown/sc-hairbow-sheer-satin-golden-brown-1.webp,12,Sheer Satin Hairbow view 12,
hairbow-sheer-satin,,,,,,,,,,,,,,,,,,,,https://res.cloudinary.com/duu26sqog/image/upload/v1775597417/scrunchcreate/products/hairbow/sheer-satin/golden-brown/sc-hairbow-sheer-satin-golden-brown-2.webp,13,Sheer Satin Hairbow view 13,
hairbow-sheer-satin,,,,,,,,,,,,,,,,,,,,https://res.cloudinary.com/duu26sqog/image/upload/v1775597420/scrunchcreate/products/hairbow/sheer-satin/golden-brown/sc-hairbow-sheer-satin-golden-brown-3.webp,14,Sheer Satin Hairbow view 14,
hairbow-sheer-satin,,,,,,,,,,,,,,,,,,,,https://res.cloudinary.com/duu26sqog/image/upload/v1775597422/scrunchcreate/products/hairbow/sheer-satin/golden-brown/sc-hairbow-sheer-satin-golden-brown-4.webp,15,Sheer Satin Hairbow view 15,
hairbow-sheer-satin,,,,,,,,,,,,,,,,,,,,https://res.cloudinary.com/duu26sqog/image/upload/v1775597423/scrunchcreate/products/hairbow/sheer-satin/golden-brown/sc-hairbow-sheer-satin-golden-brown-5.webp,16,Sheer Satin Hairbow view 16,
hairbow-sheer-satin,,,,,,,,,,,,,,,,,,,,https://res.cloudinary.com/duu26sqog/image/upload/v1775597425/scrunchcreate/products/hairbow/sheer-satin/golden-brown/sc-hairbow-sheer-satin-golden-brown-6.webp,17,Sheer Satin Hairbow view 17,
hairbow-sheer-satin,,,,,,,,,,,,,,,,,,,,https://res.cloudinary.com/duu26sqog/image/upload/v1775597428/scrunchcreate/products/hairbow/sheer-satin/golden-brown/sc-hairbow-sheer-satin-golden-brown-7.webp,18,Sheer Satin Hairbow view 18,
hairbow-sheer-satin,,,,,,,,,,,,,,,,,,,,https://res.cloudinary.com/duu26sqog/image/upload/v1775597429/scrunchcreate/products/hairbow/sheer-satin/golden-brown/sc-hairbow-sheer-satin-golden-brown-8.webp,19,Sheer Satin Hairbow view 19,
hairbow-sheer-satin,,,,,,,,,,,,,,,,,,,,https://res.cloudinary.com/duu26sqog/image/upload/v1775597431/scrunchcreate/products/hairbow/sheer-satin/lavender/sc-hairbow-sheer-satin-lavender-1.webp,20,Sheer Satin Hairbow view 20,
hairbow-sheer-satin,,,,,,,,,,,,,,,,,,,,https://res.cloudinary.com/duu26sqog/image/upload/v1775597434/scrunchcreate/products/hairbow/sheer-satin/lavender/sc-hairbow-sheer-satin-lavender-2.webp,21,Sheer Satin Hairbow view 21,
hairbow-sheer-satin,,,,,,,,,,,,,,,,,,,,https://res.cloudinary.com/duu26sqog/image/upload/v1775597436/scrunchcreate/products/hairbow/sheer-satin/lavender/sc-hairbow-sheer-satin-lavender-3.webp,22,Sheer Satin Hairbow view 22,
hairbow-sheer-satin,,,,,,,,,,,,,,,,,,,,https://res.cloudinary.com/duu26sqog/image/upload/v1775597439/scrunchcreate/products/hairbow/sheer-satin/lavender/sc-hairbow-sheer-satin-lavender-4.webp,23,Sheer Satin Hairbow view 23,
hairbow-sheer-satin,,,,,,,,,,,,,,,,,,,,https://res.cloudinary.com/duu26sqog/image/upload/v1775597441/scrunchcreate/products/hairbow/sheer-satin/lavender/sc-hairbow-sheer-satin-lavender-5.webp,24,Sheer Satin Hairbow view 24,
hairbow-sheer-satin,,,,,,,,,,,,,,,,,,,,https://res.cloudinary.com/duu26sqog/image/upload/v1775597444/scrunchcreate/products/hairbow/sheer-satin/lavender/sc-hairbow-sheer-satin-lavender-6.webp,25,Sheer Satin Hairbow view 25,
hairbow-sheer-satin,,,,,,,,,,,,,,,,,,,,https://res.cloudinary.com/duu26sqog/image/upload/v1775597447/scrunchcreate/products/hairbow/sheer-satin/lavender/sc-hairbow-sheer-satin-lavender-7.webp,26,Sheer Satin Hairbow view 26,
hairbow-sheer-satin,,,,,,,,,,,,,,,,,,,,https://res.cloudinary.com/duu26sqog/image/upload/v1775597450/scrunchcreate/products/hairbow/sheer-satin/lavender/sc-hairbow-sheer-satin-lavender-8.webp,27,Sheer Satin Hairbow view 27,
hairbow-sheer-satin,,,,,,,,,,,,,,,,,,,,https://res.cloudinary.com/duu26sqog/image/upload/v1775597452/scrunchcreate/products/hairbow/sheer-satin/lavender/sc-hairbow-sheer-satin-lavender-9.webp,28,Sheer Satin Hairbow view 28,
hairbow-sheer-satin,,,,,,,,,,,,,,,,,,,,https://res.cloudinary.com/duu26sqog/image/upload/v1775597454/scrunchcreate/products/hairbow/sheer-satin/magenta/sc-hairbow-sheer-satin-magenta-1.webp,29,Sheer Satin Hairbow view 29,
hairbow-sheer-satin,,,,,,,,,,,,,,,,,,,,https://res.cloudinary.com/duu26sqog/image/upload/v1775597457/scrunchcreate/products/hairbow/sheer-satin/magenta/sc-hairbow-sheer-satin-magenta-10.webp,30,Sheer Satin Hairbow view 30,
hairbow-sheer-satin,,,,,,,,,,,,,,,,,,,,https://res.cloudinary.com/duu26sqog/image/upload/v1775597461/scrunchcreate/products/hairbow/sheer-satin/magenta/sc-hairbow-sheer-satin-magenta-11.webp,31,Sheer Satin Hairbow view 31,
hairbow-sheer-satin,,,,,,,,,,,,,,,,,,,,https://res.cloudinary.com/duu26sqog/image/upload/v1775597464/scrunchcreate/products/hairbow/sheer-satin/magenta/sc-hairbow-sheer-satin-magenta-12.webp,32,Sheer Satin Hairbow view 32,
hairbow-sheer-satin,,,,,,,,,,,,,,,,,,,,https://res.cloudinary.com/duu26sqog/image/upload/v1775597469/scrunchcreate/products/hairbow/sheer-satin/magenta/sc-hairbow-sheer-satin-magenta-13.webp,33,Sheer Satin Hairbow view 33,
hairbow-sheer-satin,,,,,,,,,,,,,,,,,,,,https://res.cloudinary.com/duu26sqog/image/upload/v1775597472/scrunchcreate/products/hairbow/sheer-satin/magenta/sc-hairbow-sheer-satin-magenta-2.webp,34,Sheer Satin Hairbow view 34,
hairbow-sheer-satin,,,,,,,,,,,,,,,,,,,,https://res.cloudinary.com/duu26sqog/image/upload/v1775597473/scrunchcreate/products/hairbow/sheer-satin/magenta/sc-hairbow-sheer-satin-magenta-3.webp,35,Sheer Satin Hairbow view 35,
hairbow-sheer-satin,,,,,,,,,,,,,,,,,,,,https://res.cloudinary.com/duu26sqog/image/upload/v1775597476/scrunchcreate/products/hairbow/sheer-satin/magenta/sc-hairbow-sheer-satin-magenta-4.webp,36,Sheer Satin Hairbow view 36,
hairbow-sheer-satin,,,,,,,,,,,,,,,,,,,,https://res.cloudinary.com/duu26sqog/image/upload/v1775597478/scrunchcreate/products/hairbow/sheer-satin/magenta/sc-hairbow-sheer-satin-magenta-5.webp,37,Sheer Satin Hairbow view 37,
hairbow-sheer-satin,,,,,,,,,,,,,,,,,,,,https://res.cloudinary.com/duu26sqog/image/upload/v1775597480/scrunchcreate/products/hairbow/sheer-satin/magenta/sc-hairbow-sheer-satin-magenta-6.webp,38,Sheer Satin Hairbow view 38,
hairbow-sheer-satin,,,,,,,,,,,,,,,,,,,,https://res.cloudinary.com/duu26sqog/image/upload/v1775597482/scrunchcreate/products/hairbow/sheer-satin/magenta/sc-hairbow-sheer-satin-magenta-7.webp,39,Sheer Satin Hairbow view 39,
hairbow-sheer-satin,,,,,,,,,,,,,,,,,,,,https://res.cloudinary.com/duu26sqog/image/upload/v1775597484/scrunchcreate/products/hairbow/sheer-satin/magenta/sc-hairbow-sheer-satin-magenta-8.webp,40,Sheer Satin Hairbow view 40,
hairbow-sheer-satin,,,,,,,,,,,,,,,,,,,,https://res.cloudinary.com/duu26sqog/image/upload/v1775597485/scrunchcreate/products/hairbow/sheer-satin/magenta/sc-hairbow-sheer-satin-magenta-9.webp,41,Sheer Satin Hairbow view 41,
hairbow-sheer-satin,,,,,,,,,,,,,,,,,,,,https://res.cloudinary.com/duu26sqog/image/upload/v1775597487/scrunchcreate/products/hairbow/sheer-satin/maroon/sc-hairbow-sheer-satin-maroon-1.webp,42,Sheer Satin Hairbow view 42,
hairbow-sheer-satin,,,,,,,,,,,,,,,,,,,,https://res.cloudinary.com/duu26sqog/image/upload/v1775597488/scrunchcreate/products/hairbow/sheer-satin/maroon/sc-hairbow-sheer-satin-maroon-2.webp,43,Sheer Satin Hairbow view 43,
hairbow-sheer-satin,,,,,,,,,,,,,,,,,,,,https://res.cloudinary.com/duu26sqog/image/upload/v1775597490/scrunchcreate/products/hairbow/sheer-satin/maroon/sc-hairbow-sheer-satin-maroon-3.webp,44,Sheer Satin Hairbow view 44,
hairbow-sheer-satin,,,,,,,,,,,,,,,,,,,,https://res.cloudinary.com/duu26sqog/image/upload/v1775597491/scrunchcreate/products/hairbow/sheer-satin/maroon/sc-hairbow-sheer-satin-maroon-4.webp,45,Sheer Satin Hairbow view 45,
hairbow-sheer-satin,,,,,,,,,,,,,,,,,,,,https://res.cloudinary.com/duu26sqog/image/upload/v1775597493/scrunchcreate/products/hairbow/sheer-satin/maroon/sc-hairbow-sheer-satin-maroon-5.webp,46,Sheer Satin Hairbow view 46,
hairbow-sheer-satin,,,,,,,,,,,,,,,,,,,,https://res.cloudinary.com/duu26sqog/image/upload/v1775597494/scrunchcreate/products/hairbow/sheer-satin/maroon/sc-hairbow-sheer-satin-maroon-6.webp,47,Sheer Satin Hairbow view 47,
hairbow-sheer-satin,,,,,,,,,,,,,,,,,,,,https://res.cloudinary.com/duu26sqog/image/upload/v1775597495/scrunchcreate/products/hairbow/sheer-satin/mint-green/sc-hairbow-sheer-satin-mint-green-1.webp,48,Sheer Satin Hairbow view 48,
hairbow-sheer-satin,,,,,,,,,,,,,,,,,,,,https://res.cloudinary.com/duu26sqog/image/upload/v1775597497/scrunchcreate/products/hairbow/sheer-satin/mint-green/sc-hairbow-sheer-satin-mint-green-2.webp,49,Sheer Satin Hairbow view 49,
hairbow-sheer-satin,,,,,,,,,,,,,,,,,,,,https://res.cloudinary.com/duu26sqog/image/upload/v1775597498/scrunchcreate/products/hairbow/sheer-satin/mint-green/sc-hairbow-sheer-satin-mint-green-3.webp,50,Sheer Satin Hairbow view 50,
hairbow-sheer-satin,,,,,,,,,,,,,,,,,,,,https://res.cloudinary.com/duu26sqog/image/upload/v1775597500/scrunchcreate/products/hairbow/sheer-satin/mint-green/sc-hairbow-sheer-satin-mint-green-4.webp,51,Sheer Satin Hairbow view 51,
hairbow-sheer-satin,,,,,,,,,,,,,,,,,,,,https://res.cloudinary.com/duu26sqog/image/upload/v1775597502/scrunchcreate/products/hairbow/sheer-satin/mint-green/sc-hairbow-sheer-satin-mint-green-5.webp,52,Sheer Satin Hairbow view 52,
hairbow-sheer-satin,,,,,,,,,,,,,,,,,,,,https://res.cloudinary.com/duu26sqog/image/upload/v1775597504/scrunchcreate/products/hairbow/sheer-satin/mint-green/sc-hairbow-sheer-satin-mint-green-6.webp,53,Sheer Satin Hairbow view 53,
hairbow-sheer-satin,,,,,,,,,,,,,,,,,,,,https://res.cloudinary.com/duu26sqog/image/upload/v1775597506/scrunchcreate/products/hairbow/sheer-satin/navy-blue/sc-hairbow-sheer-satin-navy-blue-1.webp,54,Sheer Satin Hairbow view 54,
hairbow-sheer-satin,,,,,,,,,,,,,,,,,,,,https://res.cloudinary.com/duu26sqog/image/upload/v1775597508/scrunchcreate/products/hairbow/sheer-satin/navy-blue/sc-hairbow-sheer-satin-navy-blue-10.webp,55,Sheer Satin Hairbow view 55,
hairbow-sheer-satin,,,,,,,,,,,,,,,,,,,,https://res.cloudinary.com/duu26sqog/image/upload/v1775597509/scrunchcreate/products/hairbow/sheer-satin/navy-blue/sc-hairbow-sheer-satin-navy-blue-2.webp,56,Sheer Satin Hairbow view 56,
hairbow-sheer-satin,,,,,,,,,,,,,,,,,,,,https://res.cloudinary.com/duu26sqog/image/upload/v1775597511/scrunchcreate/products/hairbow/sheer-satin/navy-blue/sc-hairbow-sheer-satin-navy-blue-3.webp,57,Sheer Satin Hairbow view 57,
hairbow-sheer-satin,,,,,,,,,,,,,,,,,,,,https://res.cloudinary.com/duu26sqog/image/upload/v1775597513/scrunchcreate/products/hairbow/sheer-satin/navy-blue/sc-hairbow-sheer-satin-navy-blue-4.webp,58,Sheer Satin Hairbow view 58,
hairbow-sheer-satin,,,,,,,,,,,,,,,,,,,,https://res.cloudinary.com/duu26sqog/image/upload/v1775597515/scrunchcreate/products/hairbow/sheer-satin/navy-blue/sc-hairbow-sheer-satin-navy-blue-5.webp,59,Sheer Satin Hairbow view 59,
hairbow-sheer-satin,,,,,,,,,,,,,,,,,,,,https://res.cloudinary.com/duu26sqog/image/upload/v1775597517/scrunchcreate/products/hairbow/sheer-satin/navy-blue/sc-hairbow-sheer-satin-navy-blue-6.webp,60,Sheer Satin Hairbow view 60,
hairbow-sheer-satin,,,,,,,,,,,,,,,,,,,,https://res.cloudinary.com/duu26sqog/image/upload/v1775597519/scrunchcreate/products/hairbow/sheer-satin/navy-blue/sc-hairbow-sheer-satin-navy-blue-7.webp,61,Sheer Satin Hairbow view 61,
hairbow-sheer-satin,,,,,,,,,,,,,,,,,,,,https://res.cloudinary.com/duu26sqog/image/upload/v1775597521/scrunchcreate/products/hairbow/sheer-satin/navy-blue/sc-hairbow-sheer-satin-navy-blue-8.webp,62,Sheer Satin Hairbow view 62,
hairbow-sheer-satin,,,,,,,,,,,,,,,,,,,,https://res.cloudinary.com/duu26sqog/image/upload/v1775597523/scrunchcreate/products/hairbow/sheer-satin/navy-blue/sc-hairbow-sheer-satin-navy-blue-9.webp,63,Sheer Satin Hairbow view 63,
hairbow-sheer-satin,,,,,,,,,,,,,,,,,,,,https://res.cloudinary.com/duu26sqog/image/upload/v1775597526/scrunchcreate/products/hairbow/sheer-satin/olive-green/sc-hairbow-sheer-satin-olive-green-1.webp,64,Sheer Satin Hairbow view 64,
hairbow-sheer-satin,,,,,,,,,,,,,,,,,,,,https://res.cloudinary.com/duu26sqog/image/upload/v1775597529/scrunchcreate/products/hairbow/sheer-satin/olive-green/sc-hairbow-sheer-satin-olive-green-2.webp,65,Sheer Satin Hairbow view 65,
hairbow-sheer-satin,,,,,,,,,,,,,,,,,,,,https://res.cloudinary.com/duu26sqog/image/upload/v1775597532/scrunchcreate/products/hairbow/sheer-satin/olive-green/sc-hairbow-sheer-satin-olive-green-3.webp,66,Sheer Satin Hairbow view 66,
hairbow-sheer-satin,,,,,,,,,,,,,,,,,,,,https://res.cloudinary.com/duu26sqog/image/upload/v1775597545/scrunchcreate/products/hairbow/sheer-satin/olive-green/sc-hairbow-sheer-satin-olive-green-4.webp,67,Sheer Satin Hairbow view 67,
hairbow-sheer-satin,,,,,,,,,,,,,,,,,,,,https://res.cloudinary.com/duu26sqog/image/upload/v1775597547/scrunchcreate/products/hairbow/sheer-satin/olive-green/sc-hairbow-sheer-satin-olive-green-5.webp,68,Sheer Satin Hairbow view 68,
hairbow-sheer-satin,,,,,,,,,,,,,,,,,,,,https://res.cloudinary.com/duu26sqog/image/upload/v1775597550/scrunchcreate/products/hairbow/sheer-satin/olive-green/sc-hairbow-sheer-satin-olive-green-6.webp,69,Sheer Satin Hairbow view 69,
hairbow-sheer-satin,,,,,,,,,,,,,,,,,,,,https://res.cloudinary.com/duu26sqog/image/upload/v1775597552/scrunchcreate/products/hairbow/sheer-satin/yellow/sc-hairbow-sheer-satin-yellow-1.webp,70,Sheer Satin Hairbow view 70,
hairbow-sheer-satin,,,,,,,,,,,,,,,,,,,,https://res.cloudinary.com/duu26sqog/image/upload/v1775597554/scrunchcreate/products/hairbow/sheer-satin/yellow/sc-hairbow-sheer-satin-yellow-2.webp,71,Sheer Satin Hairbow view 71,
hairbow-sheer-satin,,,,,,,,,,,,,,,,,,,,https://res.cloudinary.com/duu26sqog/image/upload/v1775597555/scrunchcreate/products/hairbow/sheer-satin/yellow/sc-hairbow-sheer-satin-yellow-3.webp,72,Sheer Satin Hairbow view 72,
hairbow-sheer-satin,,,,,,,,,,,,,,,,,,,,https://res.cloudinary.com/duu26sqog/image/upload/v1775597557/scrunchcreate/products/hairbow/sheer-satin/yellow/sc-hairbow-sheer-satin-yellow-4.webp,73,Sheer Satin Hairbow view 73,
hairbow-sheer-satin,,,,,,,,,,,,,,,,,,,,https://res.cloudinary.com/duu26sqog/image/upload/v1775597559/scrunchcreate/products/hairbow/sheer-satin/yellow/sc-hairbow-sheer-satin-yellow-5.webp,74,Sheer Satin Hairbow view 74,
hairbow-sheer-satin,,,,,,,,,,,,,,,,,,,,https://res.cloudinary.com/duu26sqog/image/upload/v1775597560/scrunchcreate/products/hairbow/sheer-satin/yellow/sc-hairbow-sheer-satin-yellow-6.webp,75,Sheer Satin Hairbow view 75,
hairbow-sheer-satin,,,,,,,,,,,,,,,,,,,,https://res.cloudinary.com/duu26sqog/image/upload/v1775597561/scrunchcreate/products/hairbow/sheer-satin/yellow/sc-hairbow-sheer-satin-yellow-7.webp,76,Sheer Satin Hairbow view 76,
hairbow-sheer-satin,,,,,,,,,,,,,,,,,,,,https://res.cloudinary.com/duu26sqog/image/upload/v1775597562/scrunchcreate/products/hairbow/sheer-satin/yellow/sc-hairbow-sheer-satin-yellow-8.webp,77,Sheer Satin Hairbow view 77,
hairbow-velvet,Velvet Hairbow,<p>Luxurious Velvet Hairbows.</p>,Scrunch & Create,Apparel & Accessories > Clothing Accessories > Hair Accessories,Hairbow,"hairbow, velvet, Handmade, Hair Accessories",TRUE,Color,Black,velvet-hairbow-black,50,shopify,20,continue,manual,79,95,TRUE,FALSE,https://res.cloudinary.com/duu26sqog/image/upload/v1775597564/scrunchcreate/products/hairbow/velvet/black/sc-hairbow-velvet-black-1.webp,1,Velvet Hairbow - Black,active
hairbow-velvet,,,,,,,,Color,Red,velvet-hairbow-red,50,shopify,20,continue,manual,79,95,TRUE,FALSE,https://res.cloudinary.com/duu26sqog/image/upload/v1775597565/scrunchcreate/products/hairbow/velvet/red/sc-hairbow-velvet-red-1.webp,2,Velvet Hairbow - Red,
hairbow-velvet,,,,,,,,,,,,,,,,,,,,https://res.cloudinary.com/duu26sqog/image/upload/v1775597566/scrunchcreate/products/hairbow/velvet/red/sc-hairbow-velvet-red-2.webp,3,Velvet Hairbow view 3,
hairbow-velvet,,,,,,,,,,,,,,,,,,,,https://res.cloudinary.com/duu26sqog/image/upload/v1775597568/scrunchcreate/products/hairbow/velvet/red/sc-hairbow-velvet-red-3.webp,4,Velvet Hairbow view 4,
hairbow-velvet,,,,,,,,,,,,,,,,,,,,https://res.cloudinary.com/duu26sqog/image/upload/v1775597569/scrunchcreate/products/hairbow/velvet/red/sc-hairbow-velvet-red-4.webp,5,Velvet Hairbow view 5,
hairbow-velvet,,,,,,,,,,,,,,,,,,,,https://res.cloudinary.com/duu26sqog/image/upload/v1775597571/scrunchcreate/products/hairbow/velvet/red/sc-hairbow-velvet-red-5.webp,6,Velvet Hairbow view 6,
scrunchie-classic,Classic Scrunchie,<p>Timeless Classic Scrunchies.</p>,Scrunch & Create,Apparel & Accessories > Clothing Accessories > Hair Accessories,Scrunchie,"scrunchie, classic, Handmade, Hair Accessories",TRUE,Color,Brown,classic-scrunchie-brown,50,shopify,20,continue,manual,40,48,TRUE,FALSE,https://res.cloudinary.com/duu26sqog/image/upload/v1775597591/scrunchcreate/products/scrunchie/classic/brown/sc-scrunchie-classic-brown-1.webp,1,Classic Scrunchie - Brown,active
scrunchie-classic,,,,,,,,Color,Golden,classic-scrunchie-golden,50,shopify,20,continue,manual,40,48,TRUE,FALSE,https://res.cloudinary.com/duu26sqog/image/upload/v1775597592/scrunchcreate/products/scrunchie/classic/golden/sc-scrunchie-classic-golden-1.webp,2,Classic Scrunchie - Golden,
scrunchie-classic,,,,,,,,Color,Grey,classic-scrunchie-grey,50,shopify,20,continue,manual,40,48,TRUE,FALSE,https://res.cloudinary.com/duu26sqog/image/upload/v1775597594/scrunchcreate/products/scrunchie/classic/golden/sc-scrunchie-classic-golden-2.webp,3,Classic Scrunchie - Grey,
scrunchie-classic,,,,,,,,Color,Lavender,classic-scrunchie-lavender,50,shopify,20,continue,manual,40,48,TRUE,FALSE,https://res.cloudinary.com/duu26sqog/image/upload/v1775597595/scrunchcreate/products/scrunchie/classic/grey/sc-scrunchie-classic-grey-1.webp,4,Classic Scrunchie - Lavender,
scrunchie-classic,,,,,,,,Color,Metallic-olive,classic-scrunchie-metallic-olive,50,shopify,20,continue,manual,40,48,TRUE,FALSE,https://res.cloudinary.com/duu26sqog/image/upload/v1775597596/scrunchcreate/products/scrunchie/classic/lavender/sc-scrunchie-classic-lavender-1.webp,5,Classic Scrunchie - Metallic-olive,
scrunchie-classic,,,,,,,,Color,Petrol,classic-scrunchie-petrol,50,shopify,20,continue,manual,40,48,TRUE,FALSE,https://res.cloudinary.com/duu26sqog/image/upload/v1775597597/scrunchcreate/products/scrunchie/classic/metallic-olive/sc-scrunchie-classic-metallic-olive-1.webp,6,Classic Scrunchie - Petrol,
scrunchie-classic,,,,,,,,Color,White,classic-scrunchie-white,50,shopify,20,continue,manual,40,48,TRUE,FALSE,https://res.cloudinary.com/duu26sqog/image/upload/v1775597598/scrunchcreate/products/scrunchie/classic/petrol/sc-scrunchie-classic-petrol-1.webp,7,Classic Scrunchie - White,
scrunchie-classic,,,,,,,,Color,Yellow,classic-scrunchie-yellow,50,shopify,20,continue,manual,40,48,TRUE,FALSE,https://res.cloudinary.com/duu26sqog/image/upload/v1775597599/scrunchcreate/products/scrunchie/classic/petrol/sc-scrunchie-classic-petrol-2.webp,8,Classic Scrunchie - Yellow,
scrunchie-classic,,,,,,,,Color,Triple-colour,classic-scrunchie-triple-colour,50,shopify,20,continue,manual,40,48,TRUE,FALSE,https://res.cloudinary.com/duu26sqog/image/upload/v1775597627/scrunchcreate/products/scrunchie/classic/white/sc-scrunchie-classic-white-1.webp,9,Classic Scrunchie - Triple-colour,
scrunchie-classic,,,,,,,,,,,,,,,,,,,,https://res.cloudinary.com/duu26sqog/image/upload/v1775597628/scrunchcreate/products/scrunchie/classic/yellow/sc-scrunchie-classic-yellow-1.webp,10,Classic Scrunchie view 10,
scrunchie-classic,,,,,,,,,,,,,,,,,,,,https://res.cloudinary.com/duu26sqog/image/upload/v1775597629/scrunchcreate/products/scrunchie/classic/yellow/sc-scrunchie-classic-yellow-2.webp,11,Classic Scrunchie view 11,
scrunchie-classic,,,,,,,,,,,,,,,,,,,,https://res.cloudinary.com/duu26sqog/image/upload/v1775597600/scrunchcreate/products/scrunchie/classic/triple-colour/sc-scrunchie-classic-triple-colour-1.webp,12,Classic Scrunchie view 12,
scrunchie-classic,,,,,,,,,,,,,,,,,,,,https://res.cloudinary.com/duu26sqog/image/upload/v1775597614/scrunchcreate/products/scrunchie/classic/triple-colour/sc-scrunchie-classic-triple-colour-2.webp,13,Classic Scrunchie view 13,
scrunchie-classic,,,,,,,,,,,,,,,,,,,,https://res.cloudinary.com/duu26sqog/image/upload/v1775597618/scrunchcreate/products/scrunchie/classic/triple-colour/sc-scrunchie-classic-triple-colour-3.webp,14,Classic Scrunchie view 14,
scrunchie-classic,,,,,,,,,,,,,,,,,,,,https://res.cloudinary.com/duu26sqog/image/upload/v1775597619/scrunchcreate/products/scrunchie/classic/triple-colour/sc-scrunchie-classic-triple-colour-4.webp,15,Classic Scrunchie view 15,
scrunchie-classic,,,,,,,,,,,,,,,,,,,,https://res.cloudinary.com/duu26sqog/image/upload/v1775597621/scrunchcreate/products/scrunchie/classic/triple-colour/sc-scrunchie-classic-triple-colour-5.webp,16,Classic Scrunchie view 16,
scrunchie-classic,,,,,,,,,,,,,,,,,,,,https://res.cloudinary.com/duu26sqog/image/upload/v1775597622/scrunchcreate/products/scrunchie/classic/triple-colour/sc-scrunchie-classic-triple-colour-6.webp,17,Classic Scrunchie view 17,
scrunchie-classic,,,,,,,,,,,,,,,,,,,,https://res.cloudinary.com/duu26sqog/image/upload/v1775597623/scrunchcreate/products/scrunchie/classic/triple-colour/sc-scrunchie-classic-triple-colour-7.webp,18,Classic Scrunchie view 18,
scrunchie-classic,,,,,,,,,,,,,,,,,,,,https://res.cloudinary.com/duu26sqog/image/upload/v1775597624/scrunchcreate/products/scrunchie/classic/triple-colour/sc-scrunchie-classic-triple-colour-8.webp,19,Classic Scrunchie view 19,
scrunchie-classic,,,,,,,,,,,,,,,,,,,,https://res.cloudinary.com/duu26sqog/image/upload/v1775597626/scrunchcreate/products/scrunchie/classic/triple-colour/sc-scrunchie-classic-triple-colour-9.webp,20,Classic Scrunchie view 20,
scrunchie-classic,,,,,,,,,,,,,,,,,,,,https://res.cloudinary.com/duu26sqog/image/upload/v1775597601/scrunchcreate/products/scrunchie/classic/triple-colour/sc-scrunchie-classic-triple-colour-10.webp,21,Classic Scrunchie view 21,
scrunchie-classic,,,,,,,,,,,,,,,,,,,,https://res.cloudinary.com/duu26sqog/image/upload/v1775597603/scrunchcreate/products/scrunchie/classic/triple-colour/sc-scrunchie-classic-triple-colour-11.webp,22,Classic Scrunchie view 22,
scrunchie-classic,,,,,,,,,,,,,,,,,,,,https://res.cloudinary.com/duu26sqog/image/upload/v1775597604/scrunchcreate/products/scrunchie/classic/triple-colour/sc-scrunchie-classic-triple-colour-12.webp,23,Classic Scrunchie view 23,
scrunchie-classic,,,,,,,,,,,,,,,,,,,,https://res.cloudinary.com/duu26sqog/image/upload/v1775597605/scrunchcreate/products/scrunchie/classic/triple-colour/sc-scrunchie-classic-triple-colour-13.webp,24,Classic Scrunchie view 24,
scrunchie-classic,,,,,,,,,,,,,,,,,,,,https://res.cloudinary.com/duu26sqog/image/upload/v1775597607/scrunchcreate/products/scrunchie/classic/triple-colour/sc-scrunchie-classic-triple-colour-14.webp,25,Classic Scrunchie view 25,
scrunchie-classic,,,,,,,,,,,,,,,,,,,,https://res.cloudinary.com/duu26sqog/image/upload/v1775597608/scrunchcreate/products/scrunchie/classic/triple-colour/sc-scrunchie-classic-triple-colour-15.webp,26,Classic Scrunchie view 26,
scrunchie-classic,,,,,,,,,,,,,,,,,,,,https://res.cloudinary.com/duu26sqog/image/upload/v1775597609/scrunchcreate/products/scrunchie/classic/triple-colour/sc-scrunchie-classic-triple-colour-16.webp,27,Classic Scrunchie view 27,
scrunchie-classic,,,,,,,,,,,,,,,,,,,,https://res.cloudinary.com/duu26sqog/image/upload/v1775597610/scrunchcreate/products/scrunchie/classic/triple-colour/sc-scrunchie-classic-triple-colour-17.webp,28,Classic Scrunchie view 28,
scrunchie-classic,,,,,,,,,,,,,,,,,,,,https://res.cloudinary.com/duu26sqog/image/upload/v1775597612/scrunchcreate/products/scrunchie/classic/triple-colour/sc-scrunchie-classic-triple-colour-18.webp,29,Classic Scrunchie view 29,
scrunchie-classic,,,,,,,,,,,,,,,,,,,,https://res.cloudinary.com/duu26sqog/image/upload/v1775597613/scrunchcreate/products/scrunchie/classic/triple-colour/sc-scrunchie-classic-triple-colour-19.webp,30,Classic Scrunchie view 30,
scrunchie-classic,,,,,,,,,,,,,,,,,,,,https://res.cloudinary.com/duu26sqog/image/upload/v1775597615/scrunchcreate/products/scrunchie/classic/triple-colour/sc-scrunchie-classic-triple-colour-20.webp,31,Classic Scrunchie view 31,
scrunchie-classic,,,,,,,,,,,,,,,,,,,,https://res.cloudinary.com/duu26sqog/image/upload/v1775597617/scrunchcreate/products/scrunchie/classic/triple-colour/sc-scrunchie-classic-triple-colour-21.webp,32,Classic Scrunchie view 32,
scrunchie-combo,Combo Scrunchie,<p>Variety of Combo Scrunchies.</p>,Scrunch & Create,Apparel & Accessories > Clothing Accessories > Hair Accessories,Scrunchie,"scrunchie, combo, Handmade, Hair Accessories",TRUE,Color,Mixed,combo-scrunchie,50,shopify,20,continue,manual,99,119,TRUE,FALSE,https://res.cloudinary.com/duu26sqog/image/upload/v1775597630/scrunchcreate/products/scrunchie/combo/sc-scrunchie-combo-1.webp,1,Combo Scrunchie - Mixed,active
scrunchie-combo,,,,,,,,Color,Tulip,combo-scrunchie-tulip,50,shopify,20,continue,manual,99,119,TRUE,FALSE,https://res.cloudinary.com/duu26sqog/image/upload/v1775597632/scrunchcreate/products/scrunchie/combo/sc-scrunchie-combo-10.webp,2,Combo Scrunchie - Tulip,
scrunchie-combo,,,,,,,,Color,Tulip-sheer,combo-scrunchie-tulip-sheer,50,shopify,20,continue,manual,99,119,TRUE,FALSE,https://res.cloudinary.com/duu26sqog/image/upload/v1775597633/scrunchcreate/products/scrunchie/combo/sc-scrunchie-combo-100.webp,3,Combo Scrunchie - Tulip-sheer,
scrunchie-combo,,,,,,,,,,,,,,,,,,,,https://res.cloudinary.com/duu26sqog/image/upload/v1775597634/scrunchcreate/products/scrunchie/combo/sc-scrunchie-combo-101.webp,4,Combo Scrunchie view 4,
scrunchie-combo,,,,,,,,,,,,,,,,,,,,https://res.cloudinary.com/duu26sqog/image/upload/v1775597635/scrunchcreate/products/scrunchie/combo/sc-scrunchie-combo-102.webp,5,Combo Scrunchie view 5,
scrunchie-combo,,,,,,,,,,,,,,,,,,,,https://res.cloudinary.com/duu26sqog/image/upload/v1775597636/scrunchcreate/products/scrunchie/combo/sc-scrunchie-combo-103.webp,6,Combo Scrunchie view 6,
scrunchie-combo,,,,,,,,,,,,,,,,,,,,https://res.cloudinary.com/duu26sqog/image/upload/v1775597638/scrunchcreate/products/scrunchie/combo/sc-scrunchie-combo-104.webp,7,Combo Scrunchie view 7,
scrunchie-combo,,,,,,,,,,,,,,,,,,,,https://res.cloudinary.com/duu26sqog/image/upload/v1775597639/scrunchcreate/products/scrunchie/combo/sc-scrunchie-combo-105.webp,8,Combo Scrunchie view 8,
scrunchie-combo,,,,,,,,,,,,,,,,,,,,https://res.cloudinary.com/duu26sqog/image/upload/v1775597640/scrunchcreate/products/scrunchie/combo/sc-scrunchie-combo-106.webp,9,Combo Scrunchie view 9,
scrunchie-combo,,,,,,,,,,,,,,,,,,,,https://res.cloudinary.com/duu26sqog/image/upload/v1775597641/scrunchcreate/products/scrunchie/combo/sc-scrunchie-combo-107.webp,10,Combo Scrunchie view 10,
scrunchie-combo,,,,,,,,,,,,,,,,,,,,https://res.cloudinary.com/duu26sqog/image/upload/v1775597642/scrunchcreate/products/scrunchie/combo/sc-scrunchie-combo-108.webp,11,Combo Scrunchie view 11,
scrunchie-combo,,,,,,,,,,,,,,,,,,,,https://res.cloudinary.com/duu26sqog/image/upload/v1775597643/scrunchcreate/products/scrunchie/combo/sc-scrunchie-combo-109.webp,12,Combo Scrunchie view 12,
scrunchie-combo,,,,,,,,,,,,,,,,,,,,https://res.cloudinary.com/duu26sqog/image/upload/v1775597645/scrunchcreate/products/scrunchie/combo/sc-scrunchie-combo-110.webp,13,Combo Scrunchie view 13,
scrunchie-combo,,,,,,,,,,,,,,,,,,,,https://res.cloudinary.com/duu26sqog/image/upload/v1775597646/scrunchcreate/products/scrunchie/combo/sc-scrunchie-combo-111.webp,14,Combo Scrunchie view 14,
scrunchie-combo,,,,,,,,,,,,,,,,,,,,https://res.cloudinary.com/duu26sqog/image/upload/v1775597647/scrunchcreate/products/scrunchie/combo/sc-scrunchie-combo-112.webp,15,Combo Scrunchie view 15,
scrunchie-combo,,,,,,,,,,,,,,,,,,,,https://res.cloudinary.com/duu26sqog/image/upload/v1775597648/scrunchcreate/products/scrunchie/combo/sc-scrunchie-combo-113.webp,16,Combo Scrunchie view 16,
scrunchie-combo,,,,,,,,,,,,,,,,,,,,https://res.cloudinary.com/duu26sqog/image/upload/v1775597650/scrunchcreate/products/scrunchie/combo/sc-scrunchie-combo-114.webp,17,Combo Scrunchie view 17,
scrunchie-combo,,,,,,,,,,,,,,,,,,,,https://res.cloudinary.com/duu26sqog/image/upload/v1775597651/scrunchcreate/products/scrunchie/combo/sc-scrunchie-combo-115.webp,18,Combo Scrunchie view 18,
scrunchie-combo,,,,,,,,,,,,,,,,,,,,https://res.cloudinary.com/duu26sqog/image/upload/v1775597652/scrunchcreate/products/scrunchie/combo/sc-scrunchie-combo-116.webp,19,Combo Scrunchie view 19,
scrunchie-combo,,,,,,,,,,,,,,,,,,,,https://res.cloudinary.com/duu26sqog/image/upload/v1775597653/scrunchcreate/products/scrunchie/combo/sc-scrunchie-combo-117.webp,20,Combo Scrunchie view 20,
scrunchie-combo,,,,,,,,,,,,,,,,,,,,https://res.cloudinary.com/duu26sqog/image/upload/v1775597655/scrunchcreate/products/scrunchie/combo/sc-scrunchie-combo-118.webp,21,Combo Scrunchie view 21,
scrunchie-combo,,,,,,,,,,,,,,,,,,,,https://res.cloudinary.com/duu26sqog/image/upload/v1775597656/scrunchcreate/products/scrunchie/combo/sc-scrunchie-combo-119.webp,22,Combo Scrunchie view 22,
scrunchie-combo,,,,,,,,,,,,,,,,,,,,https://res.cloudinary.com/duu26sqog/image/upload/v1775597657/scrunchcreate/products/scrunchie/combo/sc-scrunchie-combo-12.webp,23,Combo Scrunchie view 23,
scrunchie-combo,,,,,,,,,,,,,,,,,,,,https://res.cloudinary.com/duu26sqog/image/upload/v1775597658/scrunchcreate/products/scrunchie/combo/sc-scrunchie-combo-120.webp,24,Combo Scrunchie view 24,
scrunchie-combo,,,,,,,,,,,,,,,,,,,,https://res.cloudinary.com/duu26sqog/image/upload/v1775597659/scrunchcreate/products/scrunchie/combo/sc-scrunchie-combo-121.webp,25,Combo Scrunchie view 25,
scrunchie-combo,,,,,,,,,,,,,,,,,,,,https://res.cloudinary.com/duu26sqog/image/upload/v1775597661/scrunchcreate/products/scrunchie/combo/sc-scrunchie-combo-122.webp,26,Combo Scrunchie view 26,
scrunchie-combo,,,,,,,,,,,,,,,,,,,,https://res.cloudinary.com/duu26sqog/image/upload/v1775597662/scrunchcreate/products/scrunchie/combo/sc-scrunchie-combo-123.webp,27,Combo Scrunchie view 27,
scrunchie-combo,,,,,,,,,,,,,,,,,,,,https://res.cloudinary.com/duu26sqog/image/upload/v1775597663/scrunchcreate/products/scrunchie/combo/sc-scrunchie-combo-124.webp,28,Combo Scrunchie view 28,
scrunchie-combo,,,,,,,,,,,,,,,,,,,,https://res.cloudinary.com/duu26sqog/image/upload/v1775597665/scrunchcreate/products/scrunchie/combo/sc-scrunchie-combo-125.webp,29,Combo Scrunchie view 29,
scrunchie-combo,,,,,,,,,,,,,,,,,,,,https://res.cloudinary.com/duu26sqog/image/upload/v1775597666/scrunchcreate/products/scrunchie/combo/sc-scrunchie-combo-126.webp,30,Combo Scrunchie view 30,
scrunchie-combo,,,,,,,,,,,,,,,,,,,,https://res.cloudinary.com/duu26sqog/image/upload/v1775597667/scrunchcreate/products/scrunchie/combo/sc-scrunchie-combo-127.webp,31,Combo Scrunchie view 31,
scrunchie-combo,,,,,,,,,,,,,,,,,,,,https://res.cloudinary.com/duu26sqog/image/upload/v1775597669/scrunchcreate/products/scrunchie/combo/sc-scrunchie-combo-128.webp,32,Combo Scrunchie view 32,
scrunchie-combo,,,,,,,,,,,,,,,,,,,,https://res.cloudinary.com/duu26sqog/image/upload/v1775597670/scrunchcreate/products/scrunchie/combo/sc-scrunchie-combo-129.webp,33,Combo Scrunchie view 33,
scrunchie-combo,,,,,,,,,,,,,,,,,,,,https://res.cloudinary.com/duu26sqog/image/upload/v1775597671/scrunchcreate/products/scrunchie/combo/sc-scrunchie-combo-13.webp,34,Combo Scrunchie view 34,
scrunchie-combo,,,,,,,,,,,,,,,,,,,,https://res.cloudinary.com/duu26sqog/image/upload/v1775597672/scrunchcreate/products/scrunchie/combo/sc-scrunchie-combo-130.webp,35,Combo Scrunchie view 35,
scrunchie-combo,,,,,,,,,,,,,,,,,,,,https://res.cloudinary.com/duu26sqog/image/upload/v1775597673/scrunchcreate/products/scrunchie/combo/sc-scrunchie-combo-131.webp,36,Combo Scrunchie view 36,
scrunchie-combo,,,,,,,,,,,,,,,,,,,,https://res.cloudinary.com/duu26sqog/image/upload/v1775597675/scrunchcreate/products/scrunchie/combo/sc-scrunchie-combo-132.webp,37,Combo Scrunchie view 37,
scrunchie-combo,,,,,,,,,,,,,,,,,,,,https://res.cloudinary.com/duu26sqog/image/upload/v1775597676/scrunchcreate/products/scrunchie/combo/sc-scrunchie-combo-133.webp,38,Combo Scrunchie view 38,
scrunchie-combo,,,,,,,,,,,,,,,,,,,,https://res.cloudinary.com/duu26sqog/image/upload/v1775597678/scrunchcreate/products/scrunchie/combo/sc-scrunchie-combo-134.webp,39,Combo Scrunchie view 39,
scrunchie-combo,,,,,,,,,,,,,,,,,,,,https://res.cloudinary.com/duu26sqog/image/upload/v1775597679/scrunchcreate/products/scrunchie/combo/sc-scrunchie-combo-135.webp,40,Combo Scrunchie view 40,
scrunchie-combo,,,,,,,,,,,,,,,,,,,,https://res.cloudinary.com/duu26sqog/image/upload/v1775597680/scrunchcreate/products/scrunchie/combo/sc-scrunchie-combo-136.webp,41,Combo Scrunchie view 41,
scrunchie-combo,,,,,,,,,,,,,,,,,,,,https://res.cloudinary.com/duu26sqog/image/upload/v1775597681/scrunchcreate/products/scrunchie/combo/sc-scrunchie-combo-137.webp,42,Combo Scrunchie view 42,
scrunchie-combo,,,,,,,,,,,,,,,,,,,,https://res.cloudinary.com/duu26sqog/image/upload/v1775597683/scrunchcreate/products/scrunchie/combo/sc-scrunchie-combo-138.webp,43,Combo Scrunchie view 43,
scrunchie-combo,,,,,,,,,,,,,,,,,,,,https://res.cloudinary.com/duu26sqog/image/upload/v1775597684/scrunchcreate/products/scrunchie/combo/sc-scrunchie-combo-139.webp,44,Combo Scrunchie view 44,
scrunchie-combo,,,,,,,,,,,,,,,,,,,,https://res.cloudinary.com/duu26sqog/image/upload/v1775597685/scrunchcreate/products/scrunchie/combo/sc-scrunchie-combo-14.webp,45,Combo Scrunchie view 45,
scrunchie-combo,,,,,,,,,,,,,,,,,,,,https://res.cloudinary.com/duu26sqog/image/upload/v1775597686/scrunchcreate/products/scrunchie/combo/sc-scrunchie-combo-140.webp,46,Combo Scrunchie view 46,
scrunchie-combo,,,,,,,,,,,,,,,,,,,,https://res.cloudinary.com/duu26sqog/image/upload/v1775597687/scrunchcreate/products/scrunchie/combo/sc-scrunchie-combo-141.webp,47,Combo Scrunchie view 47,
scrunchie-combo,,,,,,,,,,,,,,,,,,,,https://res.cloudinary.com/duu26sqog/image/upload/v1775597689/scrunchcreate/products/scrunchie/combo/sc-scrunchie-combo-142.webp,48,Combo Scrunchie view 48,
scrunchie-combo,,,,,,,,,,,,,,,,,,,,https://res.cloudinary.com/duu26sqog/image/upload/v1775597690/scrunchcreate/products/scrunchie/combo/sc-scrunchie-combo-143.webp,49,Combo Scrunchie view 49,
scrunchie-combo,,,,,,,,,,,,,,,,,,,,https://res.cloudinary.com/duu26sqog/image/upload/v1775597691/scrunchcreate/products/scrunchie/combo/sc-scrunchie-combo-144.webp,50,Combo Scrunchie view 50,
scrunchie-combo,,,,,,,,,,,,,,,,,,,,https://res.cloudinary.com/duu26sqog/image/upload/v1775597693/scrunchcreate/products/scrunchie/combo/sc-scrunchie-combo-145.webp,51,Combo Scrunchie view 51,
scrunchie-combo,,,,,,,,,,,,,,,,,,,,https://res.cloudinary.com/duu26sqog/image/upload/v1775597694/scrunchcreate/products/scrunchie/combo/sc-scrunchie-combo-146.webp,52,Combo Scrunchie view 52,
scrunchie-combo,,,,,,,,,,,,,,,,,,,,https://res.cloudinary.com/duu26sqog/image/upload/v1775597695/scrunchcreate/products/scrunchie/combo/sc-scrunchie-combo-147.webp,53,Combo Scrunchie view 53,
scrunchie-combo,,,,,,,,,,,,,,,,,,,,https://res.cloudinary.com/duu26sqog/image/upload/v1775597696/scrunchcreate/products/scrunchie/combo/sc-scrunchie-combo-148.webp,54,Combo Scrunchie view 54,
scrunchie-combo,,,,,,,,,,,,,,,,,,,,https://res.cloudinary.com/duu26sqog/image/upload/v1775597698/scrunchcreate/products/scrunchie/combo/sc-scrunchie-combo-149.webp,55,Combo Scrunchie view 55,
scrunchie-combo,,,,,,,,,,,,,,,,,,,,https://res.cloudinary.com/duu26sqog/image/upload/v1775597700/scrunchcreate/products/scrunchie/combo/sc-scrunchie-combo-150.webp,56,Combo Scrunchie view 56,
scrunchie-combo,,,,,,,,,,,,,,,,,,,,https://res.cloudinary.com/duu26sqog/image/upload/v1775597701/scrunchcreate/products/scrunchie/combo/sc-scrunchie-combo-151.webp,57,Combo Scrunchie view 57,
scrunchie-combo,,,,,,,,,,,,,,,,,,,,https://res.cloudinary.com/duu26sqog/image/upload/v1775597703/scrunchcreate/products/scrunchie/combo/sc-scrunchie-combo-152.webp,58,Combo Scrunchie view 58,
scrunchie-combo,,,,,,,,,,,,,,,,,,,,https://res.cloudinary.com/duu26sqog/image/upload/v1775597704/scrunchcreate/products/scrunchie/combo/sc-scrunchie-combo-153.webp,59,Combo Scrunchie view 59,
scrunchie-combo,,,,,,,,,,,,,,,,,,,,https://res.cloudinary.com/duu26sqog/image/upload/v1775597705/scrunchcreate/products/scrunchie/combo/sc-scrunchie-combo-154.webp,60,Combo Scrunchie view 60,
scrunchie-combo,,,,,,,,,,,,,,,,,,,,https://res.cloudinary.com/duu26sqog/image/upload/v1775597706/scrunchcreate/products/scrunchie/combo/sc-scrunchie-combo-155.webp,61,Combo Scrunchie view 61,
scrunchie-combo,,,,,,,,,,,,,,,,,,,,https://res.cloudinary.com/duu26sqog/image/upload/v1775597707/scrunchcreate/products/scrunchie/combo/sc-scrunchie-combo-156.webp,62,Combo Scrunchie view 62,
scrunchie-combo,,,,,,,,,,,,,,,,,,,,https://res.cloudinary.com/duu26sqog/image/upload/v1775597709/scrunchcreate/products/scrunchie/combo/sc-scrunchie-combo-157.webp,63,Combo Scrunchie view 63,
scrunchie-combo,,,,,,,,,,,,,,,,,,,,https://res.cloudinary.com/duu26sqog/image/upload/v1775597710/scrunchcreate/products/scrunchie/combo/sc-scrunchie-combo-158.webp,64,Combo Scrunchie view 64,
scrunchie-combo,,,,,,,,,,,,,,,,,,,,https://res.cloudinary.com/duu26sqog/image/upload/v1775597711/scrunchcreate/products/scrunchie/combo/sc-scrunchie-combo-159.webp,65,Combo Scrunchie view 65,
scrunchie-combo,,,,,,,,,,,,,,,,,,,,https://res.cloudinary.com/duu26sqog/image/upload/v1775597713/scrunchcreate/products/scrunchie/combo/sc-scrunchie-combo-160.webp,66,Combo Scrunchie view 66,
scrunchie-combo,,,,,,,,,,,,,,,,,,,,https://res.cloudinary.com/duu26sqog/image/upload/v1775597714/scrunchcreate/products/scrunchie/combo/sc-scrunchie-combo-161.webp,67,Combo Scrunchie view 67,
scrunchie-combo,,,,,,,,,,,,,,,,,,,,https://res.cloudinary.com/duu26sqog/image/upload/v1775597715/scrunchcreate/products/scrunchie/combo/sc-scrunchie-combo-162.webp,68,Combo Scrunchie view 68,
scrunchie-combo,,,,,,,,,,,,,,,,,,,,https://res.cloudinary.com/duu26sqog/image/upload/v1775597717/scrunchcreate/products/scrunchie/combo/sc-scrunchie-combo-163.webp,69,Combo Scrunchie view 69,
scrunchie-combo,,,,,,,,,,,,,,,,,,,,https://res.cloudinary.com/duu26sqog/image/upload/v1775597718/scrunchcreate/products/scrunchie/combo/sc-scrunchie-combo-164.webp,70,Combo Scrunchie view 70,
scrunchie-combo,,,,,,,,,,,,,,,,,,,,https://res.cloudinary.com/duu26sqog/image/upload/v1775597719/scrunchcreate/products/scrunchie/combo/sc-scrunchie-combo-165.webp,71,Combo Scrunchie view 71,
scrunchie-combo,,,,,,,,,,,,,,,,,,,,https://res.cloudinary.com/duu26sqog/image/upload/v1775597720/scrunchcreate/products/scrunchie/combo/sc-scrunchie-combo-166.webp,72,Combo Scrunchie view 72,
scrunchie-combo,,,,,,,,,,,,,,,,,,,,https://res.cloudinary.com/duu26sqog/image/upload/v1775597722/scrunchcreate/products/scrunchie/combo/sc-scrunchie-combo-167.webp,73,Combo Scrunchie view 73,
scrunchie-combo,,,,,,,,,,,,,,,,,,,,https://res.cloudinary.com/duu26sqog/image/upload/v1775597723/scrunchcreate/products/scrunchie/combo/sc-scrunchie-combo-168.webp,74,Combo Scrunchie view 74,
scrunchie-combo,,,,,,,,,,,,,,,,,,,,https://res.cloudinary.com/duu26sqog/image/upload/v1775597724/scrunchcreate/products/scrunchie/combo/sc-scrunchie-combo-169.webp,75,Combo Scrunchie view 75,
scrunchie-combo,,,,,,,,,,,,,,,,,,,,https://res.cloudinary.com/duu26sqog/image/upload/v1775597725/scrunchcreate/products/scrunchie/combo/sc-scrunchie-combo-17.webp,76,Combo Scrunchie view 76,
scrunchie-combo,,,,,,,,,,,,,,,,,,,,https://res.cloudinary.com/duu26sqog/image/upload/v1775597727/scrunchcreate/products/scrunchie/combo/sc-scrunchie-combo-170.webp,77,Combo Scrunchie view 77,
scrunchie-combo,,,,,,,,,,,,,,,,,,,,https://res.cloudinary.com/duu26sqog/image/upload/v1775597728/scrunchcreate/products/scrunchie/combo/sc-scrunchie-combo-171.webp,78,Combo Scrunchie view 78,
scrunchie-combo,,,,,,,,,,,,,,,,,,,,https://res.cloudinary.com/duu26sqog/image/upload/v1775597729/scrunchcreate/products/scrunchie/combo/sc-scrunchie-combo-172.webp,79,Combo Scrunchie view 79,
scrunchie-combo,,,,,,,,,,,,,,,,,,,,https://res.cloudinary.com/duu26sqog/image/upload/v1775597731/scrunchcreate/products/scrunchie/combo/sc-scrunchie-combo-173.webp,80,Combo Scrunchie view 80,
scrunchie-combo,,,,,,,,,,,,,,,,,,,,https://res.cloudinary.com/duu26sqog/image/upload/v1775597733/scrunchcreate/products/scrunchie/combo/sc-scrunchie-combo-174.webp,81,Combo Scrunchie view 81,
scrunchie-combo,,,,,,,,,,,,,,,,,,,,https://res.cloudinary.com/duu26sqog/image/upload/v1775597734/scrunchcreate/products/scrunchie/combo/sc-scrunchie-combo-175.webp,82,Combo Scrunchie view 82,
scrunchie-combo,,,,,,,,,,,,,,,,,,,,https://res.cloudinary.com/duu26sqog/image/upload/v1775597735/scrunchcreate/products/scrunchie/combo/sc-scrunchie-combo-176.webp,83,Combo Scrunchie view 83,
scrunchie-combo,,,,,,,,,,,,,,,,,,,,https://res.cloudinary.com/duu26sqog/image/upload/v1775597736/scrunchcreate/products/scrunchie/combo/sc-scrunchie-combo-177.webp,84,Combo Scrunchie view 84,
scrunchie-combo,,,,,,,,,,,,,,,,,,,,https://res.cloudinary.com/duu26sqog/image/upload/v1775597738/scrunchcreate/products/scrunchie/combo/sc-scrunchie-combo-178.webp,85,Combo Scrunchie view 85,
scrunchie-combo,,,,,,,,,,,,,,,,,,,,https://res.cloudinary.com/duu26sqog/image/upload/v1775597739/scrunchcreate/products/scrunchie/combo/sc-scrunchie-combo-179.webp,86,Combo Scrunchie view 86,
scrunchie-combo,,,,,,,,,,,,,,,,,,,,https://res.cloudinary.com/duu26sqog/image/upload/v1775597740/scrunchcreate/products/scrunchie/combo/sc-scrunchie-combo-18.webp,87,Combo Scrunchie view 87,
scrunchie-combo,,,,,,,,,,,,,,,,,,,,https://res.cloudinary.com/duu26sqog/image/upload/v1775597742/scrunchcreate/products/scrunchie/combo/sc-scrunchie-combo-180.webp,88,Combo Scrunchie view 88,
scrunchie-combo,,,,,,,,,,,,,,,,,,,,https://res.cloudinary.com/duu26sqog/image/upload/v1775597743/scrunchcreate/products/scrunchie/combo/sc-scrunchie-combo-181.webp,89,Combo Scrunchie view 89,
scrunchie-combo,,,,,,,,,,,,,,,,,,,,https://res.cloudinary.com/duu26sqog/image/upload/v1775597745/scrunchcreate/products/scrunchie/combo/sc-scrunchie-combo-182.webp,90,Combo Scrunchie view 90,
scrunchie-combo,,,,,,,,,,,,,,,,,,,,https://res.cloudinary.com/duu26sqog/image/upload/v1775597746/scrunchcreate/products/scrunchie/combo/sc-scrunchie-combo-183.webp,91,Combo Scrunchie view 91,
scrunchie-combo,,,,,,,,,,,,,,,,,,,,https://res.cloudinary.com/duu26sqog/image/upload/v1775597747/scrunchcreate/products/scrunchie/combo/sc-scrunchie-combo-184.webp,92,Combo Scrunchie view 92,
scrunchie-combo,,,,,,,,,,,,,,,,,,,,https://res.cloudinary.com/duu26sqog/image/upload/v1775597748/scrunchcreate/products/scrunchie/combo/sc-scrunchie-combo-185.webp,93,Combo Scrunchie view 93,
scrunchie-combo,,,,,,,,,,,,,,,,,,,,https://res.cloudinary.com/duu26sqog/image/upload/v1775597750/scrunchcreate/products/scrunchie/combo/sc-scrunchie-combo-186.webp,94,Combo Scrunchie view 94,
scrunchie-combo,,,,,,,,,,,,,,,,,,,,https://res.cloudinary.com/duu26sqog/image/upload/v1775597751/scrunchcreate/products/scrunchie/combo/sc-scrunchie-combo-187.webp,95,Combo Scrunchie view 95,
scrunchie-combo,,,,,,,,,,,,,,,,,,,,https://res.cloudinary.com/duu26sqog/image/upload/v1775597752/scrunchcreate/products/scrunchie/combo/sc-scrunchie-combo-188.webp,96,Combo Scrunchie view 96,
scrunchie-combo,,,,,,,,,,,,,,,,,,,,https://res.cloudinary.com/duu26sqog/image/upload/v1775597753/scrunchcreate/products/scrunchie/combo/sc-scrunchie-combo-189.webp,97,Combo Scrunchie view 97,
scrunchie-combo,,,,,,,,,,,,,,,,,,,,https://res.cloudinary.com/duu26sqog/image/upload/v1775597754/scrunchcreate/products/scrunchie/combo/sc-scrunchie-combo-19.webp,98,Combo Scrunchie view 98,
scrunchie-combo,,,,,,,,,,,,,,,,,,,,https://res.cloudinary.com/duu26sqog/image/upload/v1775597756/scrunchcreate/products/scrunchie/combo/sc-scrunchie-combo-190.webp,99,Combo Scrunchie view 99,
scrunchie-combo,,,,,,,,,,,,,,,,,,,,https://res.cloudinary.com/duu26sqog/image/upload/v1775597757/scrunchcreate/products/scrunchie/combo/sc-scrunchie-combo-191.webp,100,Combo Scrunchie view 100,
scrunchie-combo,,,,,,,,,,,,,,,,,,,,https://res.cloudinary.com/duu26sqog/image/upload/v1775597758/scrunchcreate/products/scrunchie/combo/sc-scrunchie-combo-192.webp,101,Combo Scrunchie view 101,
scrunchie-combo,,,,,,,,,,,,,,,,,,,,https://res.cloudinary.com/duu26sqog/image/upload/v1775597760/scrunchcreate/products/scrunchie/combo/sc-scrunchie-combo-193.webp,102,Combo Scrunchie view 102,
scrunchie-combo,,,,,,,,,,,,,,,,,,,,https://res.cloudinary.com/duu26sqog/image/upload/v1775597761/scrunchcreate/products/scrunchie/combo/sc-scrunchie-combo-194.webp,103,Combo Scrunchie view 103,
scrunchie-combo,,,,,,,,,,,,,,,,,,,,https://res.cloudinary.com/duu26sqog/image/upload/v1775597762/scrunchcreate/products/scrunchie/combo/sc-scrunchie-combo-195.webp,104,Combo Scrunchie view 104,
scrunchie-combo,,,,,,,,,,,,,,,,,,,,https://res.cloudinary.com/duu26sqog/image/upload/v1775597763/scrunchcreate/products/scrunchie/combo/sc-scrunchie-combo-196.webp,105,Combo Scrunchie view 105,
scrunchie-combo,,,,,,,,,,,,,,,,,,,,https://res.cloudinary.com/duu26sqog/image/upload/v1775597764/scrunchcreate/products/scrunchie/combo/sc-scrunchie-combo-197.webp,106,Combo Scrunchie view 106,
scrunchie-combo,,,,,,,,,,,,,,,,,,,,https://res.cloudinary.com/duu26sqog/image/upload/v1775597765/scrunchcreate/products/scrunchie/combo/sc-scrunchie-combo-198.webp,107,Combo Scrunchie view 107,
scrunchie-combo,,,,,,,,,,,,,,,,,,,,https://res.cloudinary.com/duu26sqog/image/upload/v1775597767/scrunchcreate/products/scrunchie/combo/sc-scrunchie-combo-199.webp,108,Combo Scrunchie view 108,
scrunchie-combo,,,,,,,,,,,,,,,,,,,,https://res.cloudinary.com/duu26sqog/image/upload/v1775597768/scrunchcreate/products/scrunchie/combo/sc-scrunchie-combo-2.webp,109,Combo Scrunchie view 109,
scrunchie-combo,,,,,,,,,,,,,,,,,,,,https://res.cloudinary.com/duu26sqog/image/upload/v1775597769/scrunchcreate/products/scrunchie/combo/sc-scrunchie-combo-20.webp,110,Combo Scrunchie view 110,
scrunchie-combo,,,,,,,,,,,,,,,,,,,,https://res.cloudinary.com/duu26sqog/image/upload/v1775597770/scrunchcreate/products/scrunchie/combo/sc-scrunchie-combo-200.webp,111,Combo Scrunchie view 111,
scrunchie-combo,,,,,,,,,,,,,,,,,,,,https://res.cloudinary.com/duu26sqog/image/upload/v1775597771/scrunchcreate/products/scrunchie/combo/sc-scrunchie-combo-201.webp,112,Combo Scrunchie view 112,
scrunchie-combo,,,,,,,,,,,,,,,,,,,,https://res.cloudinary.com/duu26sqog/image/upload/v1775597773/scrunchcreate/products/scrunchie/combo/sc-scrunchie-combo-202.webp,113,Combo Scrunchie view 113,
scrunchie-combo,,,,,,,,,,,,,,,,,,,,https://res.cloudinary.com/duu26sqog/image/upload/v1775597774/scrunchcreate/products/scrunchie/combo/sc-scrunchie-combo-203.webp,114,Combo Scrunchie view 114,
scrunchie-combo,,,,,,,,,,,,,,,,,,,,https://res.cloudinary.com/duu26sqog/image/upload/v1775597775/scrunchcreate/products/scrunchie/combo/sc-scrunchie-combo-204.webp,115,Combo Scrunchie view 115,
scrunchie-combo,,,,,,,,,,,,,,,,,,,,https://res.cloudinary.com/duu26sqog/image/upload/v1775597776/scrunchcreate/products/scrunchie/combo/sc-scrunchie-combo-205.webp,116,Combo Scrunchie view 116,
scrunchie-combo,,,,,,,,,,,,,,,,,,,,https://res.cloudinary.com/duu26sqog/image/upload/v1775597777/scrunchcreate/products/scrunchie/combo/sc-scrunchie-combo-206.webp,117,Combo Scrunchie view 117,
scrunchie-combo,,,,,,,,,,,,,,,,,,,,https://res.cloudinary.com/duu26sqog/image/upload/v1775597779/scrunchcreate/products/scrunchie/combo/sc-scrunchie-combo-207.webp,118,Combo Scrunchie view 118,
scrunchie-combo,,,,,,,,,,,,,,,,,,,,https://res.cloudinary.com/duu26sqog/image/upload/v1775597780/scrunchcreate/products/scrunchie/combo/sc-scrunchie-combo-208.webp,119,Combo Scrunchie view 119,
scrunchie-combo,,,,,,,,,,,,,,,,,,,,https://res.cloudinary.com/duu26sqog/image/upload/v1775597781/scrunchcreate/products/scrunchie/combo/sc-scrunchie-combo-209.webp,120,Combo Scrunchie view 120,
scrunchie-combo,,,,,,,,,,,,,,,,,,,,https://res.cloudinary.com/duu26sqog/image/upload/v1775597782/scrunchcreate/products/scrunchie/combo/sc-scrunchie-combo-21.webp,121,Combo Scrunchie view 121,
scrunchie-combo,,,,,,,,,,,,,,,,,,,,https://res.cloudinary.com/duu26sqog/image/upload/v1775597784/scrunchcreate/products/scrunchie/combo/sc-scrunchie-combo-210.webp,122,Combo Scrunchie view 122,
scrunchie-combo,,,,,,,,,,,,,,,,,,,,https://res.cloudinary.com/duu26sqog/image/upload/v1775597785/scrunchcreate/products/scrunchie/combo/sc-scrunchie-combo-211.webp,123,Combo Scrunchie view 123,
scrunchie-combo,,,,,,,,,,,,,,,,,,,,https://res.cloudinary.com/duu26sqog/image/upload/v1775597786/scrunchcreate/products/scrunchie/combo/sc-scrunchie-combo-212.webp,124,Combo Scrunchie view 124,
scrunchie-combo,,,,,,,,,,,,,,,,,,,,https://scrunchcreate.com/assets/products/scrunchie/combo/sc-scrunchie-combo-213.webp,125,Combo Scrunchie view 125,
scrunchie-combo,,,,,,,,,,,,,,,,,,,,https://res.cloudinary.com/duu26sqog/image/upload/v1775597787/scrunchcreate/products/scrunchie/combo/sc-scrunchie-combo-214.webp,126,Combo Scrunchie view 126,
scrunchie-combo,,,,,,,,,,,,,,,,,,,,https://res.cloudinary.com/duu26sqog/image/upload/v1775597789/scrunchcreate/products/scrunchie/combo/sc-scrunchie-combo-215.webp,127,Combo Scrunchie view 127,
scrunchie-combo,,,,,,,,,,,,,,,,,,,,https://res.cloudinary.com/duu26sqog/image/upload/v1775597790/scrunchcreate/products/scrunchie/combo/sc-scrunchie-combo-216.webp,128,Combo Scrunchie view 128,
scrunchie-combo,,,,,,,,,,,,,,,,,,,,https://res.cloudinary.com/duu26sqog/image/upload/v1775597792/scrunchcreate/products/scrunchie/combo/sc-scrunchie-combo-22.webp,129,Combo Scrunchie view 129,
scrunchie-combo,,,,,,,,,,,,,,,,,,,,https://res.cloudinary.com/duu26sqog/image/upload/v1775597793/scrunchcreate/products/scrunchie/combo/sc-scrunchie-combo-23.webp,130,Combo Scrunchie view 130,
scrunchie-combo,,,,,,,,,,,,,,,,,,,,https://res.cloudinary.com/duu26sqog/image/upload/v1775597794/scrunchcreate/products/scrunchie/combo/sc-scrunchie-combo-24.webp,131,Combo Scrunchie view 131,
scrunchie-combo,,,,,,,,,,,,,,,,,,,,https://res.cloudinary.com/duu26sqog/image/upload/v1775597796/scrunchcreate/products/scrunchie/combo/sc-scrunchie-combo-25.webp,132,Combo Scrunchie view 132,
scrunchie-combo,,,,,,,,,,,,,,,,,,,,https://res.cloudinary.com/duu26sqog/image/upload/v1775597798/scrunchcreate/products/scrunchie/combo/sc-scrunchie-combo-26.webp,133,Combo Scrunchie view 133,
scrunchie-combo,,,,,,,,,,,,,,,,,,,,https://res.cloudinary.com/duu26sqog/image/upload/v1775597799/scrunchcreate/products/scrunchie/combo/sc-scrunchie-combo-27.webp,134,Combo Scrunchie view 134,
scrunchie-combo,,,,,,,,,,,,,,,,,,,,https://res.cloudinary.com/duu26sqog/image/upload/v1775597800/scrunchcreate/products/scrunchie/combo/sc-scrunchie-combo-28.webp,135,Combo Scrunchie view 135,
scrunchie-combo,,,,,,,,,,,,,,,,,,,,https://res.cloudinary.com/duu26sqog/image/upload/v1775597801/scrunchcreate/products/scrunchie/combo/sc-scrunchie-combo-29.webp,136,Combo Scrunchie view 136,
scrunchie-combo,,,,,,,,,,,,,,,,,,,,https://res.cloudinary.com/duu26sqog/image/upload/v1775597803/scrunchcreate/products/scrunchie/combo/sc-scrunchie-combo-3.webp,137,Combo Scrunchie view 137,
scrunchie-combo,,,,,,,,,,,,,,,,,,,,https://res.cloudinary.com/duu26sqog/image/upload/v1775597808/scrunchcreate/products/scrunchie/combo/sc-scrunchie-combo-30.webp,138,Combo Scrunchie view 138,
scrunchie-combo,,,,,,,,,,,,,,,,,,,,https://res.cloudinary.com/duu26sqog/image/upload/v1775597809/scrunchcreate/products/scrunchie/combo/sc-scrunchie-combo-31.webp,139,Combo Scrunchie view 139,
scrunchie-combo,,,,,,,,,,,,,,,,,,,,https://res.cloudinary.com/duu26sqog/image/upload/v1775597810/scrunchcreate/products/scrunchie/combo/sc-scrunchie-combo-32.webp,140,Combo Scrunchie view 140,
scrunchie-combo,,,,,,,,,,,,,,,,,,,,https://res.cloudinary.com/duu26sqog/image/upload/v1775597812/scrunchcreate/products/scrunchie/combo/sc-scrunchie-combo-33.webp,141,Combo Scrunchie view 141,
scrunchie-combo,,,,,,,,,,,,,,,,,,,,https://res.cloudinary.com/duu26sqog/image/upload/v1775597813/scrunchcreate/products/scrunchie/combo/sc-scrunchie-combo-34.webp,142,Combo Scrunchie view 142,
scrunchie-combo,,,,,,,,,,,,,,,,,,,,https://res.cloudinary.com/duu26sqog/image/upload/v1775597815/scrunchcreate/products/scrunchie/combo/sc-scrunchie-combo-36.webp,143,Combo Scrunchie view 143,
scrunchie-combo,,,,,,,,,,,,,,,,,,,,https://res.cloudinary.com/duu26sqog/image/upload/v1775597817/scrunchcreate/products/scrunchie/combo/sc-scrunchie-combo-37.webp,144,Combo Scrunchie view 144,
scrunchie-combo,,,,,,,,,,,,,,,,,,,,https://res.cloudinary.com/duu26sqog/image/upload/v1775597818/scrunchcreate/products/scrunchie/combo/sc-scrunchie-combo-38.webp,145,Combo Scrunchie view 145,
scrunchie-combo,,,,,,,,,,,,,,,,,,,,https://res.cloudinary.com/duu26sqog/image/upload/v1775597819/scrunchcreate/products/scrunchie/combo/sc-scrunchie-combo-39.webp,146,Combo Scrunchie view 146,
scrunchie-combo,,,,,,,,,,,,,,,,,,,,https://res.cloudinary.com/duu26sqog/image/upload/v1775597820/scrunchcreate/products/scrunchie/combo/sc-scrunchie-combo-4.webp,147,Combo Scrunchie view 147,
scrunchie-combo,,,,,,,,,,,,,,,,,,,,https://res.cloudinary.com/duu26sqog/image/upload/v1775597824/scrunchcreate/products/scrunchie/combo/sc-scrunchie-combo-42.webp,148,Combo Scrunchie view 148,
scrunchie-combo,,,,,,,,,,,,,,,,,,,,https://res.cloudinary.com/duu26sqog/image/upload/v1775597825/scrunchcreate/products/scrunchie/combo/sc-scrunchie-combo-43.webp,149,Combo Scrunchie view 149,
scrunchie-combo,,,,,,,,,,,,,,,,,,,,https://res.cloudinary.com/duu26sqog/image/upload/v1775597826/scrunchcreate/products/scrunchie/combo/sc-scrunchie-combo-44.webp,150,Combo Scrunchie view 150,
scrunchie-combo,,,,,,,,,,,,,,,,,,,,https://res.cloudinary.com/duu26sqog/image/upload/v1775597827/scrunchcreate/products/scrunchie/combo/sc-scrunchie-combo-45.webp,151,Combo Scrunchie view 151,
scrunchie-combo,,,,,,,,,,,,,,,,,,,,https://res.cloudinary.com/duu26sqog/image/upload/v1775597829/scrunchcreate/products/scrunchie/combo/sc-scrunchie-combo-46.webp,152,Combo Scrunchie view 152,
scrunchie-combo,,,,,,,,,,,,,,,,,,,,https://res.cloudinary.com/duu26sqog/image/upload/v1775597830/scrunchcreate/products/scrunchie/combo/sc-scrunchie-combo-47.webp,153,Combo Scrunchie view 153,
scrunchie-combo,,,,,,,,,,,,,,,,,,,,https://res.cloudinary.com/duu26sqog/image/upload/v1775597832/scrunchcreate/products/scrunchie/combo/sc-scrunchie-combo-49.webp,154,Combo Scrunchie view 154,
scrunchie-combo,,,,,,,,,,,,,,,,,,,,https://scrunchcreate.com/assets/products/scrunchie/combo/sc-scrunchie-combo-5.webp,155,Combo Scrunchie view 155,
scrunchie-combo,,,,,,,,,,,,,,,,,,,,https://res.cloudinary.com/duu26sqog/image/upload/v1775597834/scrunchcreate/products/scrunchie/combo/sc-scrunchie-combo-50.webp,156,Combo Scrunchie view 156,
scrunchie-combo,,,,,,,,,,,,,,,,,,,,https://res.cloudinary.com/duu26sqog/image/upload/v1775597835/scrunchcreate/products/scrunchie/combo/sc-scrunchie-combo-51.webp,157,Combo Scrunchie view 157,
scrunchie-combo,,,,,,,,,,,,,,,,,,,,https://res.cloudinary.com/duu26sqog/image/upload/v1775597836/scrunchcreate/products/scrunchie/combo/sc-scrunchie-combo-52.webp,158,Combo Scrunchie view 158,
scrunchie-combo,,,,,,,,,,,,,,,,,,,,https://scrunchcreate.com/assets/products/scrunchie/combo/sc-scrunchie-combo-53.webp,159,Combo Scrunchie view 159,
scrunchie-combo,,,,,,,,,,,,,,,,,,,,https://res.cloudinary.com/duu26sqog/image/upload/v1775597837/scrunchcreate/products/scrunchie/combo/sc-scrunchie-combo-54.webp,160,Combo Scrunchie view 160,
scrunchie-combo,,,,,,,,,,,,,,,,,,,,https://res.cloudinary.com/duu26sqog/image/upload/v1775597838/scrunchcreate/products/scrunchie/combo/sc-scrunchie-combo-55.webp,161,Combo Scrunchie view 161,
scrunchie-combo,,,,,,,,,,,,,,,,,,,,https://res.cloudinary.com/duu26sqog/image/upload/v1775597840/scrunchcreate/products/scrunchie/combo/sc-scrunchie-combo-56.webp,162,Combo Scrunchie view 162,
scrunchie-combo,,,,,,,,,,,,,,,,,,,,https://res.cloudinary.com/duu26sqog/image/upload/v1775597841/scrunchcreate/products/scrunchie/combo/sc-scrunchie-combo-57.webp,163,Combo Scrunchie view 163,
scrunchie-combo,,,,,,,,,,,,,,,,,,,,https://res.cloudinary.com/duu26sqog/image/upload/v1775597842/scrunchcreate/products/scrunchie/combo/sc-scrunchie-combo-58.webp,164,Combo Scrunchie view 164,
scrunchie-combo,,,,,,,,,,,,,,,,,,,,https://res.cloudinary.com/duu26sqog/image/upload/v1775597843/scrunchcreate/products/scrunchie/combo/sc-scrunchie-combo-59.webp,165,Combo Scrunchie view 165,
scrunchie-combo,,,,,,,,,,,,,,,,,,,,https://res.cloudinary.com/duu26sqog/image/upload/v1775597844/scrunchcreate/products/scrunchie/combo/sc-scrunchie-combo-6.webp,166,Combo Scrunchie view 166,
scrunchie-combo,,,,,,,,,,,,,,,,,,,,https://res.cloudinary.com/duu26sqog/image/upload/v1775597845/scrunchcreate/products/scrunchie/combo/sc-scrunchie-combo-60.webp,167,Combo Scrunchie view 167,
scrunchie-combo,,,,,,,,,,,,,,,,,,,,https://res.cloudinary.com/duu26sqog/image/upload/v1775597847/scrunchcreate/products/scrunchie/combo/sc-scrunchie-combo-61.webp,168,Combo Scrunchie view 168,
scrunchie-combo,,,,,,,,,,,,,,,,,,,,https://res.cloudinary.com/duu26sqog/image/upload/v1775597848/scrunchcreate/products/scrunchie/combo/sc-scrunchie-combo-62.webp,169,Combo Scrunchie view 169,
scrunchie-combo,,,,,,,,,,,,,,,,,,,,https://res.cloudinary.com/duu26sqog/image/upload/v1775597849/scrunchcreate/products/scrunchie/combo/sc-scrunchie-combo-63.webp,170,Combo Scrunchie view 170,
scrunchie-combo,,,,,,,,,,,,,,,,,,,,https://res.cloudinary.com/duu26sqog/image/upload/v1775597850/scrunchcreate/products/scrunchie/combo/sc-scrunchie-combo-64.webp,171,Combo Scrunchie view 171,
scrunchie-combo,,,,,,,,,,,,,,,,,,,,https://res.cloudinary.com/duu26sqog/image/upload/v1775597851/scrunchcreate/products/scrunchie/combo/sc-scrunchie-combo-65.webp,172,Combo Scrunchie view 172,
scrunchie-combo,,,,,,,,,,,,,,,,,,,,https://res.cloudinary.com/duu26sqog/image/upload/v1775597852/scrunchcreate/products/scrunchie/combo/sc-scrunchie-combo-66.webp,173,Combo Scrunchie view 173,
scrunchie-combo,,,,,,,,,,,,,,,,,,,,https://res.cloudinary.com/duu26sqog/image/upload/v1775597854/scrunchcreate/products/scrunchie/combo/sc-scrunchie-combo-67.webp,174,Combo Scrunchie view 174,
scrunchie-combo,,,,,,,,,,,,,,,,,,,,https://res.cloudinary.com/duu26sqog/image/upload/v1775597855/scrunchcreate/products/scrunchie/combo/sc-scrunchie-combo-68.webp,175,Combo Scrunchie view 175,
scrunchie-combo,,,,,,,,,,,,,,,,,,,,https://res.cloudinary.com/duu26sqog/image/upload/v1775597856/scrunchcreate/products/scrunchie/combo/sc-scrunchie-combo-69.webp,176,Combo Scrunchie view 176,
scrunchie-combo,,,,,,,,,,,,,,,,,,,,https://res.cloudinary.com/duu26sqog/image/upload/v1775597857/scrunchcreate/products/scrunchie/combo/sc-scrunchie-combo-7.webp,177,Combo Scrunchie view 177,
scrunchie-combo,,,,,,,,,,,,,,,,,,,,https://res.cloudinary.com/duu26sqog/image/upload/v1775597859/scrunchcreate/products/scrunchie/combo/sc-scrunchie-combo-70.webp,178,Combo Scrunchie view 178,
scrunchie-combo,,,,,,,,,,,,,,,,,,,,https://scrunchcreate.com/assets/products/scrunchie/combo/sc-scrunchie-combo-71.webp,179,Combo Scrunchie view 179,
scrunchie-combo,,,,,,,,,,,,,,,,,,,,https://res.cloudinary.com/duu26sqog/image/upload/v1775597860/scrunchcreate/products/scrunchie/combo/sc-scrunchie-combo-72.webp,180,Combo Scrunchie view 180,
scrunchie-combo,,,,,,,,,,,,,,,,,,,,https://res.cloudinary.com/duu26sqog/image/upload/v1775597861/scrunchcreate/products/scrunchie/combo/sc-scrunchie-combo-73.webp,181,Combo Scrunchie view 181,
scrunchie-combo,,,,,,,,,,,,,,,,,,,,https://res.cloudinary.com/duu26sqog/image/upload/v1775597862/scrunchcreate/products/scrunchie/combo/sc-scrunchie-combo-74.webp,182,Combo Scrunchie view 182,
scrunchie-combo,,,,,,,,,,,,,,,,,,,,https://res.cloudinary.com/duu26sqog/image/upload/v1775597863/scrunchcreate/products/scrunchie/combo/sc-scrunchie-combo-75.webp,183,Combo Scrunchie view 183,
scrunchie-combo,,,,,,,,,,,,,,,,,,,,https://res.cloudinary.com/duu26sqog/image/upload/v1775597864/scrunchcreate/products/scrunchie/combo/sc-scrunchie-combo-76.webp,184,Combo Scrunchie view 184,
scrunchie-combo,,,,,,,,,,,,,,,,,,,,https://res.cloudinary.com/duu26sqog/image/upload/v1775597866/scrunchcreate/products/scrunchie/combo/sc-scrunchie-combo-77.webp,185,Combo Scrunchie view 185,
scrunchie-combo,,,,,,,,,,,,,,,,,,,,https://res.cloudinary.com/duu26sqog/image/upload/v1775597867/scrunchcreate/products/scrunchie/combo/sc-scrunchie-combo-78.webp,186,Combo Scrunchie view 186,
scrunchie-combo,,,,,,,,,,,,,,,,,,,,https://res.cloudinary.com/duu26sqog/image/upload/v1775597868/scrunchcreate/products/scrunchie/combo/sc-scrunchie-combo-79.webp,187,Combo Scrunchie view 187,
scrunchie-combo,,,,,,,,,,,,,,,,,,,,https://res.cloudinary.com/duu26sqog/image/upload/v1775597869/scrunchcreate/products/scrunchie/combo/sc-scrunchie-combo-8.webp,188,Combo Scrunchie view 188,
scrunchie-combo,,,,,,,,,,,,,,,,,,,,https://res.cloudinary.com/duu26sqog/image/upload/v1775597871/scrunchcreate/products/scrunchie/combo/sc-scrunchie-combo-80.webp,189,Combo Scrunchie view 189,
scrunchie-combo,,,,,,,,,,,,,,,,,,,,https://res.cloudinary.com/duu26sqog/image/upload/v1775597872/scrunchcreate/products/scrunchie/combo/sc-scrunchie-combo-81.webp,190,Combo Scrunchie view 190,
scrunchie-combo,,,,,,,,,,,,,,,,,,,,https://res.cloudinary.com/duu26sqog/image/upload/v1775597874/scrunchcreate/products/scrunchie/combo/sc-scrunchie-combo-83.webp,191,Combo Scrunchie view 191,
scrunchie-combo,,,,,,,,,,,,,,,,,,,,https://res.cloudinary.com/duu26sqog/image/upload/v1775597875/scrunchcreate/products/scrunchie/combo/sc-scrunchie-combo-84.webp,192,Combo Scrunchie view 192,
scrunchie-combo,,,,,,,,,,,,,,,,,,,,https://res.cloudinary.com/duu26sqog/image/upload/v1775597877/scrunchcreate/products/scrunchie/combo/sc-scrunchie-combo-85.webp,193,Combo Scrunchie view 193,
scrunchie-combo,,,,,,,,,,,,,,,,,,,,https://res.cloudinary.com/duu26sqog/image/upload/v1775597878/scrunchcreate/products/scrunchie/combo/sc-scrunchie-combo-86.webp,194,Combo Scrunchie view 194,
scrunchie-combo,,,,,,,,,,,,,,,,,,,,https://res.cloudinary.com/duu26sqog/image/upload/v1775597879/scrunchcreate/products/scrunchie/combo/sc-scrunchie-combo-87.webp,195,Combo Scrunchie view 195,
scrunchie-combo,,,,,,,,,,,,,,,,,,,,https://res.cloudinary.com/duu26sqog/image/upload/v1775597880/scrunchcreate/products/scrunchie/combo/sc-scrunchie-combo-88.webp,196,Combo Scrunchie view 196,
scrunchie-combo,,,,,,,,,,,,,,,,,,,,https://res.cloudinary.com/duu26sqog/image/upload/v1775597883/scrunchcreate/products/scrunchie/combo/sc-scrunchie-combo-9.webp,197,Combo Scrunchie view 197,
scrunchie-combo,,,,,,,,,,,,,,,,,,,,https://res.cloudinary.com/duu26sqog/image/upload/v1775597884/scrunchcreate/products/scrunchie/combo/sc-scrunchie-combo-90.webp,198,Combo Scrunchie view 198,
scrunchie-combo,,,,,,,,,,,,,,,,,,,,https://res.cloudinary.com/duu26sqog/image/upload/v1775597886/scrunchcreate/products/scrunchie/combo/sc-scrunchie-combo-91.webp,199,Combo Scrunchie view 199,
scrunchie-combo,,,,,,,,,,,,,,,,,,,,https://res.cloudinary.com/duu26sqog/image/upload/v1775597888/scrunchcreate/products/scrunchie/combo/sc-scrunchie-combo-92.webp,200,Combo Scrunchie view 200,
scrunchie-combo,,,,,,,,,,,,,,,,,,,,https://res.cloudinary.com/duu26sqog/image/upload/v1775597889/scrunchcreate/products/scrunchie/combo/sc-scrunchie-combo-93.webp,201,Combo Scrunchie view 201,
scrunchie-combo,,,,,,,,,,,,,,,,,,,,https://scrunchcreate.com/assets/products/scrunchie/combo/sc-scrunchie-combo-94.webp,202,Combo Scrunchie view 202,
scrunchie-combo,,,,,,,,,,,,,,,,,,,,https://res.cloudinary.com/duu26sqog/image/upload/v1775597890/scrunchcreate/products/scrunchie/combo/sc-scrunchie-combo-95.webp,203,Combo Scrunchie view 203,
scrunchie-combo,,,,,,,,,,,,,,,,,,,,https://res.cloudinary.com/duu26sqog/image/upload/v1775597891/scrunchcreate/products/scrunchie/combo/sc-scrunchie-combo-96.webp,204,Combo Scrunchie view 204,
scrunchie-combo,,,,,,,,,,,,,,,,,,,,https://res.cloudinary.com/duu26sqog/image/upload/v1775597892/scrunchcreate/products/scrunchie/combo/sc-scrunchie-combo-97.webp,205,Combo Scrunchie view 205,
scrunchie-combo,,,,,,,,,,,,,,,,,,,,https://scrunchcreate.com/assets/products/scrunchie/combo/sc-scrunchie-combo-98.webp,206,Combo Scrunchie view 206,
scrunchie-combo,,,,,,,,,,,,,,,,,,,,https://scrunchcreate.com/assets/products/scrunchie/combo/sc-scrunchie-combo-99.webp,207,Combo Scrunchie view 207,
scrunchie-combo,,,,,,,,,,,,,,,,,,,,https://res.cloudinary.com/duu26sqog/image/upload/v1775597894/scrunchcreate/products/scrunchie/combo/tulip/sc-scrunchie-combo-tulip-1.webp,208,Combo Scrunchie view 208,
scrunchie-combo,,,,,,,,,,,,,,,,,,,,https://res.cloudinary.com/duu26sqog/image/upload/v1775597895/scrunchcreate/products/scrunchie/combo/tulip/sc-scrunchie-combo-tulip-10.webp,209,Combo Scrunchie view 209,
scrunchie-combo,,,,,,,,,,,,,,,,,,,,https://res.cloudinary.com/duu26sqog/image/upload/v1775597896/scrunchcreate/products/scrunchie/combo/tulip/sc-scrunchie-combo-tulip-11.webp,210,Combo Scrunchie view 210,
scrunchie-combo,,,,,,,,,,,,,,,,,,,,https://res.cloudinary.com/duu26sqog/image/upload/v1775597897/scrunchcreate/products/scrunchie/combo/tulip/sc-scrunchie-combo-tulip-2.webp,211,Combo Scrunchie view 211,
scrunchie-combo,,,,,,,,,,,,,,,,,,,,https://res.cloudinary.com/duu26sqog/image/upload/v1775597898/scrunchcreate/products/scrunchie/combo/tulip/sc-scrunchie-combo-tulip-3.webp,212,Combo Scrunchie view 212,
scrunchie-combo,,,,,,,,,,,,,,,,,,,,https://res.cloudinary.com/duu26sqog/image/upload/v1775597899/scrunchcreate/products/scrunchie/combo/tulip/sc-scrunchie-combo-tulip-4.webp,213,Combo Scrunchie view 213,
scrunchie-combo,,,,,,,,,,,,,,,,,,,,https://res.cloudinary.com/duu26sqog/image/upload/v1775597901/scrunchcreate/products/scrunchie/combo/tulip/sc-scrunchie-combo-tulip-5.webp,214,Combo Scrunchie view 214,
scrunchie-combo,,,,,,,,,,,,,,,,,,,,https://res.cloudinary.com/duu26sqog/image/upload/v1775597902/scrunchcreate/products/scrunchie/combo/tulip/sc-scrunchie-combo-tulip-6.webp,215,Combo Scrunchie view 215,
scrunchie-combo,,,,,,,,,,,,,,,,,,,,https://res.cloudinary.com/duu26sqog/image/upload/v1775597903/scrunchcreate/products/scrunchie/combo/tulip/sc-scrunchie-combo-tulip-7.webp,216,Combo Scrunchie view 216,
scrunchie-combo,,,,,,,,,,,,,,,,,,,,https://res.cloudinary.com/duu26sqog/image/upload/v1775597904/scrunchcreate/products/scrunchie/combo/tulip/sc-scrunchie-combo-tulip-8.webp,217,Combo Scrunchie view 217,
scrunchie-combo,,,,,,,,,,,,,,,,,,,,https://res.cloudinary.com/duu26sqog/image/upload/v1775597906/scrunchcreate/products/scrunchie/combo/tulip/sc-scrunchie-combo-tulip-9.webp,218,Combo Scrunchie view 218,
scrunchie-combo,,,,,,,,,,,,,,,,,,,,https://res.cloudinary.com/duu26sqog/image/upload/v1775597907/scrunchcreate/products/scrunchie/combo/tulip-sheer/sc-scrunchie-combo-tulip-sheer-1.webp,219,Combo Scrunchie view 219,
scrunchie-combo,,,,,,,,,,,,,,,,,,,,https://res.cloudinary.com/duu26sqog/image/upload/v1775597908/scrunchcreate/products/scrunchie/combo/tulip-sheer/sc-scrunchie-combo-tulip-sheer-10.webp,220,Combo Scrunchie view 220,
scrunchie-combo,,,,,,,,,,,,,,,,,,,,https://res.cloudinary.com/duu26sqog/image/upload/v1775597909/scrunchcreate/products/scrunchie/combo/tulip-sheer/sc-scrunchie-combo-tulip-sheer-11.webp,221,Combo Scrunchie view 221,
scrunchie-combo,,,,,,,,,,,,,,,,,,,,https://res.cloudinary.com/duu26sqog/image/upload/v1775597910/scrunchcreate/products/scrunchie/combo/tulip-sheer/sc-scrunchie-combo-tulip-sheer-12.webp,222,Combo Scrunchie view 222,
scrunchie-combo,,,,,,,,,,,,,,,,,,,,https://res.cloudinary.com/duu26sqog/image/upload/v1775597912/scrunchcreate/products/scrunchie/combo/tulip-sheer/sc-scrunchie-combo-tulip-sheer-13.webp,223,Combo Scrunchie view 223,
scrunchie-combo,,,,,,,,,,,,,,,,,,,,https://res.cloudinary.com/duu26sqog/image/upload/v1775597913/scrunchcreate/products/scrunchie/combo/tulip-sheer/sc-scrunchie-combo-tulip-sheer-14.webp,224,Combo Scrunchie view 224,
scrunchie-combo,,,,,,,,,,,,,,,,,,,,https://res.cloudinary.com/duu26sqog/image/upload/v1775597914/scrunchcreate/products/scrunchie/combo/tulip-sheer/sc-scrunchie-combo-tulip-sheer-15.webp,225,Combo Scrunchie view 225,
scrunchie-combo,,,,,,,,,,,,,,,,,,,,https://res.cloudinary.com/duu26sqog/image/upload/v1775597916/scrunchcreate/products/scrunchie/combo/tulip-sheer/sc-scrunchie-combo-tulip-sheer-2.webp,226,Combo Scrunchie view 226,
scrunchie-combo,,,,,,,,,,,,,,,,,,,,https://res.cloudinary.com/duu26sqog/image/upload/v1775597917/scrunchcreate/products/scrunchie/combo/tulip-sheer/sc-scrunchie-combo-tulip-sheer-3.webp,227,Combo Scrunchie view 227,
scrunchie-combo,,,,,,,,,,,,,,,,,,,,https://res.cloudinary.com/duu26sqog/image/upload/v1775597918/scrunchcreate/products/scrunchie/combo/tulip-sheer/sc-scrunchie-combo-tulip-sheer-4.webp,228,Combo Scrunchie view 228,
scrunchie-combo,,,,,,,,,,,,,,,,,,,,https://res.cloudinary.com/duu26sqog/image/upload/v1775597919/scrunchcreate/products/scrunchie/combo/tulip-sheer/sc-scrunchie-combo-tulip-sheer-5.webp,229,Combo Scrunchie view 229,
scrunchie-combo,,,,,,,,,,,,,,,,,,,,https://res.cloudinary.com/duu26sqog/image/upload/v1775597921/scrunchcreate/products/scrunchie/combo/tulip-sheer/sc-scrunchie-combo-tulip-sheer-6.webp,230,Combo Scrunchie view 230,
scrunchie-combo,,,,,,,,,,,,,,,,,,,,https://res.cloudinary.com/duu26sqog/image/upload/v1775597922/scrunchcreate/products/scrunchie/combo/tulip-sheer/sc-scrunchie-combo-tulip-sheer-7.webp,231,Combo Scrunchie view 231,
scrunchie-combo,,,,,,,,,,,,,,,,,,,,https://res.cloudinary.com/duu26sqog/image/upload/v1775597923/scrunchcreate/products/scrunchie/combo/tulip-sheer/sc-scrunchie-combo-tulip-sheer-8.webp,232,Combo Scrunchie view 232,
scrunchie-combo,,,,,,,,,,,,,,,,,,,,https://res.cloudinary.com/duu26sqog/image/upload/v1775597924/scrunchcreate/products/scrunchie/combo/tulip-sheer/sc-scrunchie-combo-tulip-sheer-9.webp,233,Combo Scrunchie view 233,
scrunchie-satin-mini,Satin Mini Scrunchie,<p>Cute Satin Mini Scrunchies.</p>,Scrunch & Create,Apparel & Accessories > Clothing Accessories > Hair Accessories,Scrunchie,"scrunchie, satin-mini, Handmade, Hair Accessories",TRUE,Color,Mixed,satin-mini-scrunchie,50,shopify,20,continue,manual,30,36,TRUE,FALSE,https://res.cloudinary.com/duu26sqog/image/upload/v1775597925/scrunchcreate/products/scrunchie/satin-mini/sc-scrunchie-satin-mini-1.webp,1,Satin Mini Scrunchie - Mixed,active
scrunchie-satin-mini,,,,,,,,,,,,,,,,,,,,https://res.cloudinary.com/duu26sqog/image/upload/v1775597926/scrunchcreate/products/scrunchie/satin-mini/sc-scrunchie-satin-mini-2.webp,2,Satin Mini Scrunchie view 2,
scrunchie-satin-mini,,,,,,,,,,,,,,,,,,,,https://res.cloudinary.com/duu26sqog/image/upload/v1775597928/scrunchcreate/products/scrunchie/satin-mini/sc-scrunchie-satin-mini-3.webp,3,Satin Mini Scrunchie view 3,
scrunchie-satin-mini,,,,,,,,,,,,,,,,,,,,https://res.cloudinary.com/duu26sqog/image/upload/v1775597929/scrunchcreate/products/scrunchie/satin-mini/sc-scrunchie-satin-mini-4.webp,4,Satin Mini Scrunchie view 4,
scrunchie-tulip,Tulip Scrunchie,<p>Elegant Tulip Scrunchies.</p>,Scrunch & Create,Apparel & Accessories > Clothing Accessories > Hair Accessories,Scrunchie,"scrunchie, tulip, Handmade, Hair Accessories",TRUE,Color,Black,tulip-scrunchie-black,50,shopify,20,continue,manual,69,83,TRUE,FALSE,https://res.cloudinary.com/duu26sqog/image/upload/v1775597955/scrunchcreate/products/scrunchie/tulip/black/sc-scrunchie-tulip-black-1.webp,1,Tulip Scrunchie - Black,active
scrunchie-tulip,,,,,,,,Color,Brown,tulip-scrunchie-brown,50,shopify,20,continue,manual,69,83,TRUE,FALSE,https://res.cloudinary.com/duu26sqog/image/upload/v1775597956/scrunchcreate/products/scrunchie/tulip/brown/sc-scrunchie-tulip-brown-1.webp,2,Tulip Scrunchie - Brown,
scrunchie-tulip,,,,,,,,Color,Cream,tulip-scrunchie-cream,50,shopify,20,continue,manual,69,83,TRUE,FALSE,https://res.cloudinary.com/duu26sqog/image/upload/v1775597958/scrunchcreate/products/scrunchie/tulip/cream/sc-scrunchie-tulip-cream-1.webp,3,Tulip Scrunchie - Cream,
scrunchie-tulip,,,,,,,,Color,Grey,tulip-scrunchie-grey,50,shopify,20,continue,manual,69,83,TRUE,FALSE,https://res.cloudinary.com/duu26sqog/image/upload/v1775597959/scrunchcreate/products/scrunchie/tulip/grey/sc-scrunchie-tulip-grey-1.webp,4,Tulip Scrunchie - Grey,
scrunchie-tulip,,,,,,,,Color,Lavender,tulip-scrunchie-lavender,50,shopify,20,continue,manual,69,83,TRUE,FALSE,https://res.cloudinary.com/duu26sqog/image/upload/v1775597961/scrunchcreate/products/scrunchie/tulip/lavender/sc-scrunchie-tulip-lavender-1.webp,5,Tulip Scrunchie - Lavender,
scrunchie-tulip,,,,,,,,Color,Magenta,tulip-scrunchie-magenta,50,shopify,20,continue,manual,69,83,TRUE,FALSE,https://res.cloudinary.com/duu26sqog/image/upload/v1775597963/scrunchcreate/products/scrunchie/tulip/magenta/sc-scrunchie-tulip-magenta-1.webp,6,Tulip Scrunchie - Magenta,
scrunchie-tulip,,,,,,,,Color,Metallic-olive,tulip-scrunchie-metallic-olive,50,shopify,20,continue,manual,69,83,TRUE,FALSE,https://res.cloudinary.com/duu26sqog/image/upload/v1775597964/scrunchcreate/products/scrunchie/tulip/metallic-olive/sc-scrunchie-tulip-metallic-olive-1.webp,7,Tulip Scrunchie - Metallic-olive,
scrunchie-tulip,,,,,,,,Color,Peach,tulip-scrunchie-peach,50,shopify,20,continue,manual,69,83,TRUE,FALSE,https://res.cloudinary.com/duu26sqog/image/upload/v1775597965/scrunchcreate/products/scrunchie/tulip/peach/sc-scrunchie-tulip-peach-1.webp,8,Tulip Scrunchie - Peach,
scrunchie-tulip,,,,,,,,Color,Petrol,tulip-scrunchie-petrol,50,shopify,20,continue,manual,69,83,TRUE,FALSE,https://res.cloudinary.com/duu26sqog/image/upload/v1775597966/scrunchcreate/products/scrunchie/tulip/petrol/sc-scrunchie-tulip-petrol-1.webp,9,Tulip Scrunchie - Petrol,
scrunchie-tulip,,,,,,,,Color,Red,tulip-scrunchie-red,50,shopify,20,continue,manual,69,83,TRUE,FALSE,https://res.cloudinary.com/duu26sqog/image/upload/v1775597967/scrunchcreate/products/scrunchie/tulip/red/sc-scrunchie-tulip-red-1.webp,10,Tulip Scrunchie - Red,
scrunchie-tulip,,,,,,,,Color,Sky-blue,tulip-scrunchie-sky-blue,50,shopify,20,continue,manual,69,83,TRUE,FALSE,https://res.cloudinary.com/duu26sqog/image/upload/v1775597968/scrunchcreate/products/scrunchie/tulip/sky-blue/sc-scrunchie-tulip-sky-blue-1.webp,11,Tulip Scrunchie - Sky-blue,
scrunchie-tulip,,,,,,,,Color,White,tulip-scrunchie-white,50,shopify,20,continue,manual,69,83,TRUE,FALSE,https://res.cloudinary.com/duu26sqog/image/upload/v1775597970/scrunchcreate/products/scrunchie/tulip/sky-blue/sc-scrunchie-tulip-sky-blue-2.webp,12,Tulip Scrunchie - White,
scrunchie-tulip,,,,,,,,Color,Wine,tulip-scrunchie-wine,50,shopify,20,continue,manual,69,83,TRUE,FALSE,https://res.cloudinary.com/duu26sqog/image/upload/v1775597971/scrunchcreate/products/scrunchie/tulip/white/sc-scrunchie-tulip-white-1.webp,13,Tulip Scrunchie - Wine,
scrunchie-tulip,,,,,,,,Color,Yellow,tulip-scrunchie-yellow,50,shopify,20,continue,manual,69,83,TRUE,FALSE,https://res.cloudinary.com/duu26sqog/image/upload/v1775597972/scrunchcreate/products/scrunchie/tulip/wine/sc-scrunchie-tulip-wine-1.webp,14,Tulip Scrunchie - Yellow,
scrunchie-tulip,,,,,,,,,,,,,,,,,,,,https://res.cloudinary.com/duu26sqog/image/upload/v1775597973/scrunchcreate/products/scrunchie/tulip/yellow/sc-scrunchie-tulip-yellow-1.webp,15,Tulip Scrunchie view 15,
scrunchie-tulip-sheer,Tulip Sheer Scrunchie,<p>Lovely Sheer Tulip Scrunchies.</p>,Scrunch & Create,Apparel & Accessories > Clothing Accessories > Hair Accessories,Scrunchie,"scrunchie, tulip-sheer, Handmade, Hair Accessories",TRUE,Color,Lilac,tulip-sheer-scrunchie-lilac,50,shopify,20,continue,manual,79,95,TRUE,FALSE,https://res.cloudinary.com/duu26sqog/image/upload/v1775597975/scrunchcreate/products/scrunchie/tulip-sheer/lilac/sc-scrunchie-tulip-sheer-lilac-1.webp,1,Tulip Sheer Scrunchie - Lilac,active
scrunchie-tulip-sheer,,,,,,,,Color,Maroon,tulip-sheer-scrunchie-maroon,50,shopify,20,continue,manual,79,95,TRUE,FALSE,https://res.cloudinary.com/duu26sqog/image/upload/v1775597976/scrunchcreate/products/scrunchie/tulip-sheer/lilac/sc-scrunchie-tulip-sheer-lilac-2.webp,2,Tulip Sheer Scrunchie - Maroon,
scrunchie-tulip-sheer,,,,,,,,Color,Navy-blue,tulip-sheer-scrunchie-navy-blue,50,shopify,20,continue,manual,79,95,TRUE,FALSE,https://res.cloudinary.com/duu26sqog/image/upload/v1775597977/scrunchcreate/products/scrunchie/tulip-sheer/lilac/sc-scrunchie-tulip-sheer-lilac-3.webp,3,Tulip Sheer Scrunchie - Navy-blue,
scrunchie-tulip-sheer,,,,,,,,Color,Peach-cream,tulip-sheer-scrunchie-peach-cream,50,shopify,20,continue,manual,79,95,TRUE,FALSE,https://res.cloudinary.com/duu26sqog/image/upload/v1775597979/scrunchcreate/products/scrunchie/tulip-sheer/maroon/sc-scrunchie-tulip-sheer-maroon-1.webp,4,Tulip Sheer Scrunchie - Peach-cream,
scrunchie-tulip-sheer,,,,,,,,Color,Yellow,tulip-sheer-scrunchie-yellow,50,shopify,20,continue,manual,79,95,TRUE,FALSE,https://res.cloudinary.com/duu26sqog/image/upload/v1775597980/scrunchcreate/products/scrunchie/tulip-sheer/maroon/sc-scrunchie-tulip-sheer-maroon-2.webp,5,Tulip Sheer Scrunchie - Yellow,
scrunchie-tulip-sheer,,,,,,,,,,,,,,,,,,,,https://res.cloudinary.com/duu26sqog/image/upload/v1775597981/scrunchcreate/products/scrunchie/tulip-sheer/maroon/sc-scrunchie-tulip-sheer-maroon-3.webp,6,Tulip Sheer Scrunchie view 6,
scrunchie-tulip-sheer,,,,,,,,,,,,,,,,,,,,https://res.cloudinary.com/duu26sqog/image/upload/v1775597982/scrunchcreate/products/scrunchie/tulip-sheer/maroon/sc-scrunchie-tulip-sheer-maroon-4.webp,7,Tulip Sheer Scrunchie view 7,
scrunchie-tulip-sheer,,,,,,,,,,,,,,,,,,,,https://res.cloudinary.com/duu26sqog/image/upload/v1775597983/scrunchcreate/products/scrunchie/tulip-sheer/navy-blue/sc-scrunchie-tulip-sheer-navy-blue-1.webp,8,Tulip Sheer Scrunchie view 8,
scrunchie-tulip-sheer,,,,,,,,,,,,,,,,,,,,https://res.cloudinary.com/duu26sqog/image/upload/v1775597985/scrunchcreate/products/scrunchie/tulip-sheer/navy-blue/sc-scrunchie-tulip-sheer-navy-blue-2.webp,9,Tulip Sheer Scrunchie view 9,
scrunchie-tulip-sheer,,,,,,,,,,,,,,,,,,,,https://res.cloudinary.com/duu26sqog/image/upload/v1775597986/scrunchcreate/products/scrunchie/tulip-sheer/navy-blue/sc-scrunchie-tulip-sheer-navy-blue-3.webp,10,Tulip Sheer Scrunchie view 10,
scrunchie-tulip-sheer,,,,,,,,,,,,,,,,,,,,https://res.cloudinary.com/duu26sqog/image/upload/v1775597987/scrunchcreate/products/scrunchie/tulip-sheer/navy-blue/sc-scrunchie-tulip-sheer-navy-blue-4.webp,11,Tulip Sheer Scrunchie view 11,
scrunchie-tulip-sheer,,,,,,,,,,,,,,,,,,,,https://res.cloudinary.com/duu26sqog/image/upload/v1775597989/scrunchcreate/products/scrunchie/tulip-sheer/navy-blue/sc-scrunchie-tulip-sheer-navy-blue-5.webp,12,Tulip Sheer Scrunchie view 12,
scrunchie-tulip-sheer,,,,,,,,,,,,,,,,,,,,https://res.cloudinary.com/duu26sqog/image/upload/v1775597990/scrunchcreate/products/scrunchie/tulip-sheer/navy-blue/sc-scrunchie-tulip-sheer-navy-blue-6.webp,13,Tulip Sheer Scrunchie view 13,
scrunchie-tulip-sheer,,,,,,,,,,,,,,,,,,,,https://res.cloudinary.com/duu26sqog/image/upload/v1775597991/scrunchcreate/products/scrunchie/tulip-sheer/navy-blue/sc-scrunchie-tulip-sheer-navy-blue-7.webp,14,Tulip Sheer Scrunchie view 14,
scrunchie-tulip-sheer,,,,,,,,,,,,,,,,,,,,https://res.cloudinary.com/duu26sqog/image/upload/v1775597992/scrunchcreate/products/scrunchie/tulip-sheer/navy-blue/sc-scrunchie-tulip-sheer-navy-blue-8.webp,15,Tulip Sheer Scrunchie view 15,
scrunchie-tulip-sheer,,,,,,,,,,,,,,,,,,,,https://res.cloudinary.com/duu26sqog/image/upload/v1775597993/scrunchcreate/products/scrunchie/tulip-sheer/navy-blue/sc-scrunchie-tulip-sheer-navy-blue-9.webp,16,Tulip Sheer Scrunchie view 16,
scrunchie-tulip-sheer,,,,,,,,,,,,,,,,,,,,https://res.cloudinary.com/duu26sqog/image/upload/v1775597994/scrunchcreate/products/scrunchie/tulip-sheer/peach-cream/sc-scrunchie-tulip-sheer-peach-cream-1.webp,17,Tulip Sheer Scrunchie view 17,
scrunchie-tulip-sheer,,,,,,,,,,,,,,,,,,,,https://res.cloudinary.com/duu26sqog/image/upload/v1775597996/scrunchcreate/products/scrunchie/tulip-sheer/peach-cream/sc-scrunchie-tulip-sheer-peach-cream-2.webp,18,Tulip Sheer Scrunchie view 18,
scrunchie-tulip-sheer,,,,,,,,,,,,,,,,,,,,https://res.cloudinary.com/duu26sqog/image/upload/v1775597997/scrunchcreate/products/scrunchie/tulip-sheer/peach-cream/sc-scrunchie-tulip-sheer-peach-cream-3.webp,19,Tulip Sheer Scrunchie view 19,
scrunchie-tulip-sheer,,,,,,,,,,,,,,,,,,,,https://res.cloudinary.com/duu26sqog/image/upload/v1775597998/scrunchcreate/products/scrunchie/tulip-sheer/peach-cream/sc-scrunchie-tulip-sheer-peach-cream-4.webp,20,Tulip Sheer Scrunchie view 20,
scrunchie-tulip-sheer,,,,,,,,,,,,,,,,,,,,https://res.cloudinary.com/duu26sqog/image/upload/v1775597999/scrunchcreate/products/scrunchie/tulip-sheer/yellow/sc-scrunchie-tulip-sheer-yellow-1.webp,21,Tulip Sheer Scrunchie view 21,
scrunchie-tulip-sheer,,,,,,,,,,,,,,,,,,,,https://res.cloudinary.com/duu26sqog/image/upload/v1775598000/scrunchcreate/products/scrunchie/tulip-sheer/yellow/sc-scrunchie-tulip-sheer-yellow-10.webp,22,Tulip Sheer Scrunchie view 22,
scrunchie-tulip-sheer,,,,,,,,,,,,,,,,,,,,https://res.cloudinary.com/duu26sqog/image/upload/v1775598002/scrunchcreate/products/scrunchie/tulip-sheer/yellow/sc-scrunchie-tulip-sheer-yellow-2.webp,23,Tulip Sheer Scrunchie view 23,
scrunchie-tulip-sheer,,,,,,,,,,,,,,,,,,,,https://res.cloudinary.com/duu26sqog/image/upload/v1775598003/scrunchcreate/products/scrunchie/tulip-sheer/yellow/sc-scrunchie-tulip-sheer-yellow-3.webp,24,Tulip Sheer Scrunchie view 24,
scrunchie-tulip-sheer,,,,,,,,,,,,,,,,,,,,https://res.cloudinary.com/duu26sqog/image/upload/v1775598004/scrunchcreate/products/scrunchie/tulip-sheer/yellow/sc-scrunchie-tulip-sheer-yellow-4.webp,25,Tulip Sheer Scrunchie view 25,
scrunchie-tulip-sheer,,,,,,,,,,,,,,,,,,,,https://res.cloudinary.com/duu26sqog/image/upload/v1775598005/scrunchcreate/products/scrunchie/tulip-sheer/yellow/sc-scrunchie-tulip-sheer-yellow-5.webp,26,Tulip Sheer Scrunchie view 26,
scrunchie-tulip-sheer,,,,,,,,,,,,,,,,,,,,https://res.cloudinary.com/duu26sqog/image/upload/v1775598006/scrunchcreate/products/scrunchie/tulip-sheer/yellow/sc-scrunchie-tulip-sheer-yellow-7.webp,27,Tulip Sheer Scrunchie view 27,
scrunchie-tulip-sheer,,,,,,,,,,,,,,,,,,,,https://res.cloudinary.com/duu26sqog/image/upload/v1775598009/scrunchcreate/products/scrunchie/tulip-sheer/yellow/sc-scrunchie-tulip-sheer-yellow-9.webp,28,Tulip Sheer Scrunchie view 28,
hairbow-printed-mini,Printed Mini Hairbow,<p>Lovely Printed Mini Hairbows.</p>,Scrunch & Create,Apparel & Accessories > Clothing Accessories > Hair Accessories,Hairbow,"hairbow, printed-mini, Handmade, Hair Accessories",TRUE,Color,Standard,hairbow-printed-mini-standard,50,shopify,20,continue,manual,59,71,TRUE,FALSE,https://res.cloudinary.com/duu26sqog/image/upload/v1775597193/scrunchcreate/products/hairbow/printed-mini/sc-hairbow-printed-mini-1.webp,1,Printed Mini Hairbow - Standard,active
hairbow-printed-mini,,,,,,,,,,,,,,,,,,,,https://res.cloudinary.com/duu26sqog/image/upload/v1775597196/scrunchcreate/products/hairbow/printed-mini/sc-hairbow-printed-mini-2.webp,2,Printed Mini Hairbow view 2,
hairbow-printed-mini,,,,,,,,,,,,,,,,,,,,https://res.cloudinary.com/duu26sqog/image/upload/v1775597200/scrunchcreate/products/hairbow/printed-mini/sc-hairbow-printed-mini-3.webp,3,Printed Mini Hairbow view 3,
hairbow-printed-mini,,,,,,,,,,,,,,,,,,,,https://res.cloudinary.com/duu26sqog/image/upload/v1775597204/scrunchcreate/products/hairbow/printed-mini/sc-hairbow-printed-mini-4.webp,4,Printed Mini Hairbow view 4,
hairbow-printed-mini,,,,,,,,,,,,,,,,,,,,https://res.cloudinary.com/duu26sqog/image/upload/v1775597208/scrunchcreate/products/hairbow/printed-mini/sc-hairbow-printed-mini-5.webp,5,Printed Mini Hairbow view 5,
hairbow-printed-mini,,,,,,,,,,,,,,,,,,,,https://res.cloudinary.com/duu26sqog/image/upload/v1775597212/scrunchcreate/products/hairbow/printed-mini/sc-hairbow-printed-mini-6.webp,6,Printed Mini Hairbow view 6,
scrunchie-satin-printed,Satin Printed Scrunchie,<p>Beautiful Satin Printed Scrunchies.</p>,Scrunch & Create,Apparel & Accessories > Clothing Accessories > Hair Accessories,Scrunchie,"scrunchie, satin-printed, Handmade, Hair Accessories",TRUE,Color,Standard,satin-printed-scrunchie-standard,50,shopify,20,continue,manual,40,48,TRUE,FALSE,https://res.cloudinary.com/duu26sqog/image/upload/v1775597930/scrunchcreate/products/scrunchie/satin-printed/sc-scrunchie-satin-printed-1.webp,1,Satin Printed Scrunchie - Standard,active
scrunchie-satin-printed,,,,,,,,,,,,,,,,,,,,https://res.cloudinary.com/duu26sqog/image/upload/v1775597943/scrunchcreate/products/scrunchie/satin-printed/sc-scrunchie-satin-printed-2.webp,2,Satin Printed Scrunchie view 2,
scrunchie-satin-printed,,,,,,,,,,,,,,,,,,,,https://res.cloudinary.com/duu26sqog/image/upload/v1775597947/scrunchcreate/products/scrunchie/satin-printed/sc-scrunchie-satin-printed-3.webp,3,Satin Printed Scrunchie view 3,
scrunchie-satin-printed,,,,,,,,,,,,,,,,,,,,https://res.cloudinary.com/duu26sqog/image/upload/v1775597948/scrunchcreate/products/scrunchie/satin-printed/sc-scrunchie-satin-printed-4.webp,4,Satin Printed Scrunchie view 4,
scrunchie-satin-printed,,,,,,,,,,,,,,,,,,,,https://res.cloudinary.com/duu26sqog/image/upload/v1775597950/scrunchcreate/products/scrunchie/satin-printed/sc-scrunchie-satin-printed-5.webp,5,Satin Printed Scrunchie view 5,
scrunchie-satin-printed,,,,,,,,,,,,,,,,,,,,https://res.cloudinary.com/duu26sqog/image/upload/v1775597951/scrunchcreate/products/scrunchie/satin-printed/sc-scrunchie-satin-printed-6.webp,6,Satin Printed Scrunchie view 6,
scrunchie-satin-printed,,,,,,,,,,,,,,,,,,,,https://res.cloudinary.com/duu26sqog/image/upload/v1775597952/scrunchcreate/products/scrunchie/satin-printed/sc-scrunchie-satin-printed-7.webp,7,Satin Printed Scrunchie view 7,
scrunchie-satin-printed,,,,,,,,,,,,,,,,,,,,https://res.cloudinary.com/duu26sqog/image/upload/v1775597953/scrunchcreate/products/scrunchie/satin-printed/sc-scrunchie-satin-printed-8.webp,8,Satin Printed Scrunchie view 8,
scrunchie-satin-printed,,,,,,,,,,,,,,,,,,,,https://res.cloudinary.com/duu26sqog/image/upload/v1775597954/scrunchcreate/products/scrunchie/satin-printed/sc-scrunchie-satin-printed-9.webp,9,Satin Printed Scrunchie view 9,
scrunchie-satin-printed,,,,,,,,,,,,,,,,,,,,https://res.cloudinary.com/duu26sqog/image/upload/v1775597931/scrunchcreate/products/scrunchie/satin-printed/sc-scrunchie-satin-printed-10.webp,10,Satin Printed Scrunchie view 10,
scrunchie-satin-printed,,,,,,,,,,,,,,,,,,,,https://res.cloudinary.com/duu26sqog/image/upload/v1775597932/scrunchcreate/products/scrunchie/satin-printed/sc-scrunchie-satin-printed-11.webp,11,Satin Printed Scrunchie view 11,
scrunchie-satin-printed,,,,,,,,,,,,,,,,,,,,https://res.cloudinary.com/duu26sqog/image/upload/v1775597933/scrunchcreate/products/scrunchie/satin-printed/sc-scrunchie-satin-printed-12.webp,12,Satin Printed Scrunchie view 12,
scrunchie-satin-printed,,,,,,,,,,,,,,,,,,,,https://res.cloudinary.com/duu26sqog/image/upload/v1775597934/scrunchcreate/products/scrunchie/satin-printed/sc-scrunchie-satin-printed-13.webp,13,Satin Printed Scrunchie view 13,
scrunchie-satin-printed,,,,,,,,,,,,,,,,,,,,https://res.cloudinary.com/duu26sqog/image/upload/v1775597936/scrunchcreate/products/scrunchie/satin-printed/sc-scrunchie-satin-printed-14.webp,14,Satin Printed Scrunchie view 14,
scrunchie-satin-printed,,,,,,,,,,,,,,,,,,,,https://res.cloudinary.com/duu26sqog/image/upload/v1775597937/scrunchcreate/products/scrunchie/satin-printed/sc-scrunchie-satin-printed-15.webp,15,Satin Printed Scrunchie view 15,
scrunchie-satin-printed,,,,,,,,,,,,,,,,,,,,https://res.cloudinary.com/duu26sqog/image/upload/v1775597938/scrunchcreate/products/scrunchie/satin-printed/sc-scrunchie-satin-printed-16.webp,16,Satin Printed Scrunchie view 16,
scrunchie-satin-printed,,,,,,,,,,,,,,,,,,,,https://res.cloudinary.com/duu26sqog/image/upload/v1775597939/scrunchcreate/products/scrunchie/satin-printed/sc-scrunchie-satin-printed-17.webp,17,Satin Printed Scrunchie view 17,
scrunchie-satin-printed,,,,,,,,,,,,,,,,,,,,https://res.cloudinary.com/duu26sqog/image/upload/v1775597940/scrunchcreate/products/scrunchie/satin-printed/sc-scrunchie-satin-printed-18.webp,18,Satin Printed Scrunchie view 18,
scrunchie-satin-printed,,,,,,,,,,,,,,,,,,,,https://res.cloudinary.com/duu26sqog/image/upload/v1775597942/scrunchcreate/products/scrunchie/satin-printed/sc-scrunchie-satin-printed-19.webp,19,Satin Printed Scrunchie view 19,
scrunchie-satin-printed,,,,,,,,,,,,,,,,,,,,https://res.cloudinary.com/duu26sqog/image/upload/v1775597944/scrunchcreate/products/scrunchie/satin-printed/sc-scrunchie-satin-printed-20.webp,20,Satin Printed Scrunchie view 20,
scrunchie-satin-printed,,,,,,,,,,,,,,,,,,,,https://res.cloudinary.com/duu26sqog/image/upload/v1775597945/scrunchcreate/products/scrunchie/satin-printed/sc-scrunchie-satin-printed-21.webp,21,Satin Printed Scrunchie view 21,
scrunchie-satin-printed,,,,,,,,,,,,,,,,,,,,https://res.cloudinary.com/duu26sqog/image/upload/v1775597946/scrunchcreate/products/scrunchie/satin-printed/sc-scrunchie-satin-printed-22.webp,22,Satin Printed Scrunchie view 22,
hairclip-rose,Rose Hairclip,<p>Elegant Rose Hairclips.</p>,Scrunch & Create,Apparel & Accessories > Clothing Accessories > Hair Accessories,Hairclip,"hairclip, rose, Handmade, Hair Accessories",TRUE,Color,Red,hairclip-rose-red,50,shopify,20,continue,manual,99,119,TRUE,FALSE,https://res.cloudinary.com/duu26sqog/image/upload/v1775597588/scrunchcreate/products/hairclip/rose/red/sc-hairclip-rose-red-1.webp,1,Rose Hairclip - Red,active
hairclip-rose,,,,,,,,Color,White,hairclip-rose-white,50,shopify,20,continue,manual,99,119,TRUE,FALSE,https://res.cloudinary.com/duu26sqog/image/upload/v1775597589/scrunchcreate/products/hairclip/rose/red/sc-hairclip-rose-red-2.webp,2,Rose Hairclip - White,
hairclip-rose,,,,,,,,Color,Magenta,hairclip-rose-magenta,50,shopify,20,continue,manual,99,119,TRUE,FALSE,https://res.cloudinary.com/duu26sqog/image/upload/v1775597590/scrunchcreate/products/hairclip/rose/white/sc-hairclip-rose-white-1.webp,3,Rose Hairclip - Magenta,
hairclip-rose,,,,,,,,Color,Mauve,hairclip-rose-mauve,50,shopify,20,continue,manual,99,119,TRUE,FALSE,https://scrunchcreate.com/assets/products/hairclip/rose/white/sc-hairclip-rose-white-2.webp,4,Rose Hairclip - Mauve,
hairclip-rose,,,,,,,,Color,Combo,hairclip-rose-combo,50,shopify,20,continue,manual,99,119,TRUE,FALSE,https://res.cloudinary.com/duu26sqog/image/upload/v1775597582/scrunchcreate/products/hairclip/rose/magenta/sc-hairclip-rose-magenta-1.webp,5,Rose Hairclip - Combo,
hairclip-rose,,,,,,,,,,,,,,,,,,,,https://res.cloudinary.com/duu26sqog/image/upload/v1775597583/scrunchcreate/products/hairclip/rose/magenta/sc-hairclip-rose-magenta-2.webp,6,Rose Hairclip view 6,
hairclip-rose,,,,,,,,,,,,,,,,,,,,https://res.cloudinary.com/duu26sqog/image/upload/v1775597585/scrunchcreate/products/hairclip/rose/mauve/sc-hairclip-rose-mauve-1.webp,7,Rose Hairclip view 7,
hairclip-rose,,,,,,,,,,,,,,,,,,,,https://res.cloudinary.com/duu26sqog/image/upload/v1775597586/scrunchcreate/products/hairclip/rose/mauve/sc-hairclip-rose-mauve-2.webp,8,Rose Hairclip view 8,
hairclip-rose,,,,,,,,,,,,,,,,,,,,https://res.cloudinary.com/duu26sqog/image/upload/v1775597572/scrunchcreate/products/hairclip/rose/combo/sc-hairclip-rose-combo-1.webp,9,Rose Hairclip view 9,
hairclip-rose,,,,,,,,,,,,,,,,,,,,https://res.cloudinary.com/duu26sqog/image/upload/v1775597573/scrunchcreate/products/hairclip/rose/combo/sc-hairclip-rose-combo-2.webp,10,Rose Hairclip view 10,